-49.5,
-27.89,
-124.07,
20.61,
28.26,
-3.81,
41.13,
0.98,
-112.42,
-267.39,
-11.43,
16.59,
-12.59,
15.93,
83.06,
7.81,
-26.12,
-35.21,
21.85,
23.16,
33.85,
12.83,
97.75,
-27.25,
38.46,
276.95,
28.3,
29.5,
-11.21,
-248.3,
9.2,
91.39,
57.64,
-78.26,
-26.19,
15.94,
-12.11,
-26.19,
21.12,
-98.02,
-170.88,
-26.28,
-151.88,
-15.26,
30.12,
55.49,
28.79,
18.95,
-22.26,
52.34,
19.21,
-26.06,
14.19,
10.43,
-26.18,
-17.36,
13.43,
24.31,
51.55,
1.54,
11.29,
34.56,
31.74,
18.37,
50.99,
135.74,
26.22,
51.47,
-37.22,
4.13,
100.8,
103.07,
106.8,
72.07,
25.4,
49.04,
-50.13,
-59.06,
88.12,
-24.04,
24.64,
-29.55,
103.44,
44.49,
28.86,
16.73,
-225.09,
50.24,
-159.53,
82.49,
23.23,
81.39,
14.87,
-27.05,
-24.3,
54.88,
9.39,
9.66,
45.76,5.075252525
97.22,5.9967
31.59,6.8076
-17.89,6.9076
15.97,8.308
73.22,8.8341
53.21,9.0836
33.62,9.4579
57.45,9.6211
16.91,9.7804
-67.9,10.2256
168.22,14.5817
-20.66,14.4894
-159.23,12.7312
-111.9,11.7381
27.19,11.8507
14.89,11.169
88.87,11.9796
-124.01,11.0007
30.42,11.657
28.36,11.7221
108.54,12.5759
94.34,13.1808
-131.36,11.7389
-35.1,10.4104
-28.4,10.3989
130.81,11.3224
10.61,8.659
85.42,9.2302
94.42,9.8794
13.62,10.1277
81.65,13.4272
55.67,13.8919
24.01,13.2181
74.53,13.387
-6.57,14.1039
169.8,16.0638
-39.61,15.5083
35.67,15.9861
77.49,17.0229
-9.22,16.7195
70.47,18.4044
-13.64,19.9768
18.24,20.422
15.98,22.1006
24.05,22.4937
-121.43,20.9782
19.41,20.6174
-4.47,20.2848
28.91,20.3844
42.06,21.0276
11.9,20.6232
9.04,20.5215
80.71,21.5892
34.21,21.7894
36.44,22.0495
-43.45,21.8768
38.3,22.4334
68.37,22.9828
44.24,23.1821
6.44,22.731
41.18,23.1274
-0.69,23.0076
70.19,23.3639
7.26,23.1191
87.01,23.8055
19.45,23.4901
23.07,22.3634
57.74,22.6786
36.84,22.5323
125.05,24.155
-6,24.0537
38.19,23.4276
28.43,22.6812
-175.74,19.8558
21.77,19.3528
138.95,20.4883
173.01,21.728
31.32,22.5425
42.49,23.558
15.47,22.8315
18.44,23.2563
-68.69,22.323
-86.02,21.7583
28.48,21.0087
9.42,20.658
27.99,20.6493
35.94,20.8414
-11.5,22.9773
27.17,22.7466
15.3,24.4949
13.69,23.8069
17.98,23.7544
-0.49,22.9356
60.67,23.3936
51.26,24.1767
53.34,24.9531
49.19,24.8962
44.34,25.2457
40.82,25.5573
46.66,25.5663
4.27,24.6368
23.35,24.5544
85.25,25.5858
43.65,25.8626
-7.68,25.0536
56.08,25.0823
-44.33,24.3028
33.32,24.0615
-14.61,23.7463
55.71,24.9824
116.51,24.4653
71.11,25.383
44.39,27.4192
33.07,28.8689
76.02,29.3572
20.65,29.4148
30.22,28.8283
26.88,30.3372
61.33,30.6463
23.2,30.5947
64.12,30.1505
18.36,29.3907
81.66,31.5209
83.82,32.7101
92.66,33.9207
97.05,33.5831
92.55,34.4025
74.87,34.297
52.22,33.875
52.43,34.2631
25.59,33.7025
62.91,33.7749
28.75,33.8223
81.35,33.8905
108.84,35.0446
58.38,33.9304
33.03,34.6568
54.3,34.8431
-204.46,32.0236
11.24,32.2282
50.88,32.0323
74.02,32.9089
-59.44,32.1321
58.24,32.5547
10.77,32.4219
60.08,34.237
120.43,35.2472
30.78,35.5997
30.62,35.6168
34.39,35.5401
42.78,35.8489
61.69,36.3754
30.92,35.8775
43.43,35.9697
64.94,36.2547
27.94,36.9686
69.53,37.2809
23.12,36.8284
5.08,36.4368
52.34,36.8958
-25.92,36.2248
-150.62,34.7255
64.91,34.6727
34.29,34.943
23.79,34.3108
4.56,34.1619
75.78,34.689
39.56,34.5072
-184.87,32.2901
-2.38,31.0158
36.58,31.4416
80.83,31.868
57.16,32.1553
48.82,34.4009
67.58,34.859
38.9,33.8585
38.65,32.5149
66.84,32.8701
52.28,32.968
73.73,33.5506
8.74,33.4536
18.01,34.3206
43.67,35.6175
64.96,35.9823
4.25,35.9306
52.69,36.1776
48.96,36.3078
87.09,37.2937
32.5,37.347
55.34,37.7474
50.32,38.1137
59.12,38.5251
49.18,39.0218
-169.27,36.7224
31.69,36.5267
45.39,36.4472
71.24,36.6677
36.16,36.5859
1.87,36.1964
24.87,35.9785
74.34,36.6792
60.9,37.0547
-9.74,36.1048
60.6,36.2743
35.67,36.7078
32.35,36.4705
33.56,37.2494
23.21,37.1483
60.32,37.8976
41.2,37.7525
115.96,37.747
-20.65,36.8294
30.55,36.691
50.81,36.8684
45.35,36.5617
100.89,37.3641
70.29,37.7648
23.01,37.7261
-6.01,37.0527
45.77,37.2784
70.72,37.3444
-1.63,37.1445
-23.08,36.0971
20.85,35.4674
63.54,35.1762
24.18,34.4475
-57.97,32.9423
39.55,32.5891
36.53,32.4322
48.48,32.3927
23.66,32.3734
27.76,32.0219
22.54,31.9598
-11.77,31.0286
35.39,30.2941
26.47,29.975
39.25,30.0372
35.98,29.854
38.3,32.2816
-3.99,32.1293
40.11,32.0216
67.8,31.9594
54.19,33.0957
34.33,32.8566
15.55,32.9044
-14.12,32.1624
-175.71,29.201
-15.7,28.7362
-123.13,27.1987
34.8,27.2028
4.92,26.8242
17.71,26.3844
18.1,26.2562
38.82,26.2101
-246.08,23.0999
56.41,23.3846
7.88,22.7681
36.7,22.9039
21.21,23.0652
40.79,22.9497
51.62,23.7251
4.08,25.2721
21.06,24.8336
6.21,24.5528
22.03,24.5352
-5.96,24.43
21.59,23.8881
64.15,24.134
43.51,26.4178
51.72,26.9588
31.2,26.905
30.36,26.4003
43.41,26.2628
31.17,26.0863
53.23,25.9428
31.84,25.8722
49.02,25.9759
24.06,25.5481
21.8,25.2433
35.63,24.8623
11.63,24.8912
-151.52,23.1959
-18.76,22.5716
-9.5,21.827
48.68,22.2713
29.31,22.0375
-6.2,21.4859
-26.74,20.3476
24.26,20.2652
24.11,19.9529
41.38,19.8635
51.67,19.789
-7.6,19.2212
8.16,20.9955
46.4,21.1426
50.08,21.1895
23.1,20.7081
-67.21,19.6744
-23.46,19.4211
-16.89,19.0035
51.05,18.7706
8.49,18.2465
5.75,18.4014
64.19,18.4373
-26.24,17.8182
30.51,17.7998
225.56,19.7198
-6.45,19.4232
26.24,19.0824
1.99,18.6903
27.47,17.8054
-9.06,17.9213
12.86,17.7444
65.18,17.8881
33.93,17.7739
62.05,17.3855
33.82,17.0208
-27.18,16.5189
19.48,16.7738
47.22,16.7883
-27.36,15.8075
10.77,15.9315
53.12,16.6935
19.51,16.6801
15.66,16.2013
58.92,16.5487
9.72,17.2256
-12.82,16.7019
-11.05,16.2261
7.61,15.8174
30.3,15.8838
14.8,15.7542
26.23,15.7911
40.94,16.3182
36.69,16.3312
43.1,16.4975
46.97,16.5747
12.84,16.3433
-27.53,15.685
20.66,15.9315
29.43,15.8247
28.43,15.431
49.15,15.3806
32.91,15.3664
30.36,15.5145
-27.98,15.3759
13.07,17.2637
-26.19,17.1588
-10.95,18.2806
67.52,18.6078
73.71,19.2957
73.33,19.8519
43.05,20.1014
77.17,20.4849
23.74,23.1831
36.18,22.9808
97.96,23.8816
45.9,23.9736
69.53,24.4568
40.75,24.4564
41.26,24.3528
71.75,25.0295
-96.5,23.8539
46.23,24.2541
55.05,24.5843
38.57,25.0296
-14.05,24.6732
16.74,24.1991
51.52,24.2792
41.38,24.1758
51.33,24.3771
37.02,24.4437
29.02,24.2998
24,24.2281
32.46,24.0204
11.17,23.8137
57.38,23.8973
46.86,24.1253
31.22,24.2195
85.61,24.7193
44.64,25.0494
68.22,27.2468
35.66,27.791
14.86,28.0346
24.36,27.7914
49.08,27.9891
100.57,29.0568
72.92,30.0534
55.96,30.3704
61.05,30.7398
43.63,30.7623
71.48,30.9604
71.59,31.7523
42.17,32.0924
40.87,32.0371
66.56,32.2019
15.37,32.1246
45.64,33.2531
64.54,34.1331
62.8,34.93
74.24,35.1619
71.76,35.7946
22.66,35.9637
51.8,35.8398
30.38,36.406
35.63,36.4572
61.78,34.8194
72.2,35.6059
64.8,35.9915
63.08,36.6024
37.43,36.702
-125.07,35.5419
13.64,35.5497
71.05,35.6084
34.25,35.6116
66.45,35.6556
71.51,36.0325
49,36.7943
64.55,37.245
70.87,37.4815
71.3,38.4681
66.56,39.026
68.24,39.1772
63.71,39.6192
49.88,39.9614
76.57,40.1379
66,40.7007
71.28,41.5417
61.46,42.2668
69.4,42.8847
53.71,43.1188
88.92,43.86
76.79,44.3656
67.56,44.6318
68.9,44.9539
70.38,45.2267
72.28,45.4798
75,46.1014
71.17,47.0884
58.54,47.4672
71.59,47.8888
252.94,50.1339
49.52,50.1376
84.26,50.6511
75.02,51.0977
29.3,51.6705
56.47,52.1045
67.2,53.0384
84.1,53.9889
80.59,54.1196
84.45,54.227
33.44,53.8281
75.71,54.1547
77.17,54.1547
69.04,54.6077
35.9,54.6049
65.3,54.2783
75.7,54.5763
71.77,54.5987
64.7,54.8382
52.12,54.9468
68.67,54.916
23.56,56.1166
57.98,56.2341
90.87,56.5923
53.8,56.7446
49.66,57.3817
74.27,57.957
51.58,57.9576
73.1,58.2748
84.64,58.6079
81.61,59.0538
45.89,59.2225
82.84,59.8109
77.05,60.2568
64.05,60.7856
59.91,60.8109
66.78,61.0101
56.42,61.2621
77.11,61.1771
66.49,61.3956
77.76,61.491
67.69,61.8113
61.9,62.2817
80.31,62.8412
88.78,63.2382
59.5,62.8275
98.66,63.0849
59.68,63.1221
66.25,63.1741
68.91,63.4269
66.33,63.3754
70.76,63.3671
52.55,63.4709
59.43,63.6565
42.67,63.4176
44.88,63.7127
61.63,63.8726
76.62,63.9934
91.51,64.2805
68.58,64.2239
44.34,63.9497
51.13,64.2344
72.96,64.446
44.16,64.5838
71.43,64.9418
49.44,64.8184
70.94,64.8058
79.15,64.9493
79.1,65.1095
85.19,65.5871
58.7,67.4248
77.95,68.0679
50.75,67.8649
69.53,68.2177
51.78,68.071
57.17,67.9276
66.8,68.1056
60.83,68.0684
76.89,68.1286
72.67,68.1423
66.53,68.142
78.14,68.241
53.08,68.1347
47.95,68.1154
43.63,67.786
36.82,67.4942
62.74,67.4088
58.81,67.3823
24.2,66.9303
71.5,67.1082
94.1,67.16
61.75,67.0096
76.31,67.0971
66.24,67.0705
55.7,66.9237
76.17,66.9626
66.13,66.8739
83.92,67.0014
36.33,66.7793
69.17,66.7551
98.32,65.2089
35.69,65.0706
71.2,64.94
83.1,65.0208
31.66,65.0444
70.08,65.1805
34.18,64.8503
105.48,65.0641
27.89,64.5371
77.99,64.4725
34.14,64.4795
71.97,64.4421
68.96,64.36
82.57,64.4953
87.51,65.0114
26.08,64.6192
33.27,64.1949
74.81,64.2253
26.67,63.845
71.17,64.0355
69.52,64.044
67.39,64.4823
72.69,64.6294
97.96,64.7003
27.27,64.435
91.71,64.8555
78.2,64.8948
36.62,64.7452
33.71,64.3513
85.92,64.3641
82.57,64.3737
88.54,64.8002
25,64.2218
84.71,64.2984
58.22,64.2401
72.41,64.3651
34.25,64.0398
68.44,64.16
69.67,64.0856
127.04,64.6911
33.28,64.2463
37.66,63.946
77.84,64.1054
34.42,63.6465
96.24,63.7211
106.25,64.1886
72.43,63.9263
68.89,64.0184
18.23,63.5382
-133.37,61.5154
90.58,61.7579
81.97,61.87
85.81,62.2026
52.15,62.1298
99.16,62.6947
32.78,62.5737
70.71,62.6645
70.49,62.6032
38.14,62.0695
81.11,62.1948
73.23,62.4837
84.78,62.8202
92,63.0106
83.38,63.4028
53.9,63.2275
57.18,63.3049
48.56,63.0811
63.76,62.9272
32.85,62.4647
41.91,62.0319
51.27,61.9576
41.5,61.5931
26.13,61.3469
37.41,61.0257
75.13,61.2592
41.56,61.1031
25.64,60.6915
38.54,60.4686
48.42,60.1839
52.36,59.9808
35.32,59.6687
43.8,59.3253
45.93,59.2538
-86.59,57.9084
55.81,58.0302
48.68,58.1488
24.84,57.7698
77.12,57.9529
48.65,58.1974
57.34,58.0558
54.06,57.6554
47.56,57.5135
64.63,57.3967
35.25,57.0868
55.36,57.0834
56.38,56.8855
26.87,56.4929
38.72,56.0409
69.42,56.3718
28.42,55.9643
55.69,55.538
46.08,55.6419
43.74,55.3673
44.89,54.9852
38.05,55.0491
24.95,54.5978
54.33,54.7993
52.92,54.2737
50.2,54.4968
86.39,54.5808
43.95,54.6789
-156.32,52.396
9.06,51.797
69.61,51.6674
64.2,51.4343
33.73,51.5108
36.7,51.5451
59.15,51.3885
20.44,51.3262
62.64,51.2409
63.85,51.1842
49.66,51.0069
40.34,50.6834
29.51,49.9989
44.49,50.1711
45.49,49.7089
56.12,49.4881
26.29,49.3848
75,49.7977
94.85,49.887
87.8,49.9393
93.7,49.9909
103.13,50.7722
91.49,50.84
60.91,50.8669
46.45,50.6073
23.34,50.4982
29.22,50.106
45.08,49.8601
78.01,49.3698
40.77,49.4447
51.77,49.5858
37.4,49.1814
75.84,49.5956
72.23,49.3555
67,48.963
90.03,49.139
1.75,48.4676
96.39,49.2492
20.9,50.7919
61.67,50.5028
34.17,50.0248
88.42,50.0509
60.28,50.1322
91.51,50.0557
30.1,50.0289
41.34,49.7352
52.57,49.556
36.36,49.5382
81.82,49.5453
23.74,49.0504
65.68,48.8594
95.06,48.89
-113.99,46.9163
61.7,46.9943
94.92,47.3717
23.43,47.1204
82.18,47.3046
31.63,47.2924
26.15,47.1348
40.64,47.0285
90.07,47.5142
27.65,47.5294
28.47,47.44
52.11,47.2098
59.17,47.3859
91.41,48.0436
92.28,48.581
93.88,49.0356
13.3,48.645
101.9,49.3108
55.81,49.4309
302.64,51.998
46.5,53.3289
-54.7,52.2238
60.76,52.3446
43.44,52.5306
79.8,52.5574
-51.01,51.5608
46.44,51.4518
41.87,51.3299
32.87,51.183
18.02,50.7169
47.68,50.8412
36.26,50.6502
-43.33,49.6531
46.46,49.849
37.88,49.8406
80.74,49.9538
55.71,50.2267
46.03,50.1301
41.75,50.0868
75.27,50.4021
24.16,50.1948
42.61,50.2404
25.91,50.25
49.66,50.2033
72.72,50.4013
32.59,50.2252
21.82,49.5795
58.04,49.7204
32.09,51.6045
19.41,51.708
45.24,51.4643
35.44,51.1767
36.26,51.202
12.48,50.9598
-69.26,49.6757
47.62,49.9475
33.71,49.6582
76.12,49.7809
44.03,49.7246
45.75,49.7787
75.34,50.237
40.19,50.194
22.03,49.9594
50.61,49.9043
43.79,50.0793
-177.8,47.5513
24.85,46.8513
21.9,46.1923
45.31,45.7084
56.23,45.2394
80.06,45.1251
-2.62,44.4898
45.87,44.484
76.62,45.0168
51.68,45.2414
34.55,45.1361
48.42,44.8402
82.89,45.2614
52.45,45.2682
29.85,45.1927
53.88,44.9731
41.24,44.6632
34.39,44.3371
37.5,43.8118
42.09,44.2152
39.02,43.6415
45.75,43.89
14.33,43.4166
43.03,43.5052
35.38,42.9748
51.03,42.8823
53.01,42.4973
53.21,42.7284
-121.72,41.0978
17.76,40.7497
-179.74,38.5887
101.46,38.7851
82.86,39.3763
85.37,39.5732
96.98,39.5924
23.64,40.9687
79.93,41.151
9.62,40.298
103.84,41.1021
92.89,41.2092
-102.78,39.8651
92.37,40.5273
-137.8,38.7429
94.57,38.7879
81.95,39.3309
99.88,40.045
97.64,40.5003
42.7,40.3356
70.8,40.1295
-121.12,37.9955
39.87,37.4554
47.35,37.7959
17.26,36.9495
81.52,37.2066
-70.11,33.4791
-204.94,30.9647
-94.63,30.5654
-131.18,28.646
-112.82,27.0834
-168.67,24.5987
85.44,25.9632
-141.93,24.0795
-147.91,22.1817
79.03,22.6433
77,23.2331
-183.03,20.926
-35.09,20.2125
60.11,21.2469
77.1,21.5533
93.9,22.1135
-70.01,20.606
77.3,20.8219
114.05,21.5021
43.3,21.5176
27.47,21.0396
57.18,21.3698
-30.54,20.6383
81.95,21.1987
-47.52,20.2269
94.36,20.4433
90.86,21.026
-103.94,19.7684
12.04,19.3084
-21.37,18.7738
78.55,19.3652
92.74,19.8402
89.5,20.3808
102.57,21.0439
134.4,22.2631
54.03,23.496
94.06,23.9604
80.68,24.4301
66.38,24.3327
-77.69,23.1155
84.49,23.5029
96.98,23.7193
-95.99,22.3575
98.76,23.1248
42.94,23.0481
-147.1,21.1392
-40.66,22.5106
188.56,24.1477
62.32,24.5519
-115.54,22.9434
34.72,22.7283
270.97,24.6374
92.56,25.5892
49.22,25.6227
273.98,27.5963
-115.76,25.9219
68.34,26.2598
100.98,26.7854
166.42,27.6207
-67.72,26.419
252.87,28.6492
-61.87,27.4917
98.97,28.069
164.64,29.3715
-73.35,28.263
109.49,28.937
-41.49,28.1319
92.84,28.6028
93.87,29.3982
57.76,29.5455
93.05,30.1222
-141.65,28.1954
82.86,28.4939
-119.41,26.7677
33.17,28.3166
97.89,29.1179
-110.94,29.8059
86.71,29.6584
157.39,30.4037
82.22,30.3722
97.69,30.3793
260.77,32.7506
95.85,32.9098
-4.14,32.7722
-137.73,30.3565
111.33,30.5409
119.04,32.7591
-48.24,31.353
77.44,33.5054
70.05,33.2602
53.27,32.9734
-81.84,31.1562
83.37,31.0135
67.76,31.2641
89.86,31.4547
102.9,33.6949
-114.12,32.155
48.16,32.1631
1.71,32.0076
-22.82,30.9642
85.44,32.5197
63.93,35.2084
79.49,36.9496
-58.19,37.6795
-79.8,38.0097
-32.47,39.3717
9.43,38.6116
80.91,40.84
87.48,43.1939
87.52,43.2788
-70.96,41.7992
89.52,44.5247
-1.2,44.8636
105.16,45.3141
49.5,45.0381
-95.05,43.1486
98.68,44.8355
-64.75,43.415
86.06,43.1351
-47.11,42.231
95.08,42.9071
65.39,42.9892
86.73,44.1619
57.68,43.9192
96.53,45.3597
86.67,45.2828
201.17,46.3859
82.94,48.2547
91.11,49.0454
70.34,49.9625
92.24,50.0994
-84.58,48.3262
-37.38,47.0574
90.26,46.9343
80.17,46.392
89.78,46.7495
-37.56,45.4333
85.37,45.4802
314.39,47.9603
75.11,49.4883
78.69,49.4303
82.82,49.2887
91.85,51.1671
78.84,50.9679
-32.64,50.2121
-22.55,51.4576
108.3,52.9472
80.98,51.8714
80.45,52.0527
90.15,54.1096
-17.01,53.5923
102.61,51.9087
58.69,51.57
-86.24,50.2154
-38.49,47.0907
-21.98,48.0285
24.97,47.5948
-61.52,45.9698
111.74,45.423
191.6,48.0162
89.86,46.3861
62.31,47.6279
168.27,48.3209
78.07,47.4552
-26.88,47.9199
134.92,48.1742
90.44,49.4935
52.25,49.0876
-55.56,47.5933
29.02,47.3059
76.85,47.1439
133.38,49.8942
216.07,51.2263
73.04,53.1508
-0.7,52.8121
14.51,51.9783
38.56,53.4733
84.88,53.455
-72.99,51.1512
304.34,53.3724
305.8,55.4535
326.6,56.1118
317.94,58.3327
16.64,58.5405
88.41,60.8019
21.03,59.8989
38.74,59.0959
57.16,60.1499
39.63,59.7718
78.55,59.8568
131.33,60.6374
303,64.4858
253.52,66.1873
165.55,67.1652
34.87,66.6153
332.78,68.9141
149.54,71.5507
99.03,72.0594
43.18,72.4741
19.15,72.8938
12.2,72.1614
-73.43,70.7878
349.23,73.4852
34.34,74.4105
1.55,75.224
109.86,76.6473
31.23,76.8653
153.51,77.5913
25.62,76.9727
81.91,76.9166
76.08,78.387
168.7,79.1788
141.83,80.6091
52.55,80.083
84.76,80.4356
45.22,81.8383
-8.25,80.769
73.69,82.1534
27.39,81.5667
-63.54,81.4024
-22.74,80.2242
15.65,79.7268
128.29,80.1424
25.2,79.8176
8.52,78.9375
223.98,80.3106
140.82,79.7071
37.23,79.25
301.18,81.3507
13.18,80.7791
82.95,80.6862
35.35,81.8855
131.73,83.5766
29.18,82.9658
29.89,82.463
5.78,81.623
113.04,83.129
215.71,84.4324
37.13,81.6598
29.55,81.2042
90.81,81.3254
65.77,81.1549
85.77,81.0941
214.68,82.4525
44.52,83.2241
47.39,83.9235
75.82,83.5987
80.05,83.5894
281.9,85.6039
73.29,85.4353
41.17,86.0171
72.51,85.7161
23.3,85.3622
88.2,87.1066
31.12,87.8027
307.46,91.0971
47.97,91.3271
94.42,92.8865
24.74,92.0165
44.02,90.5407
32.91,89.9712
34.73,89.6954
285.09,90.8636
88.78,90.9707
29.58,91.5353
43.12,90.6173
255.06,92.2635
39.74,92.1384
83.28,93.5268
158.27,94.8193
110.21,95.1529
96.28,94.7819
61.67,93.2379
54.12,93.0487
242.98,95.4855
92.55,96.2659
208.36,97.9639
24.38,97.3589
60.09,98.6897
-38.89,95.2574
79.98,92.9992
65.24,90.3856
30.88,87.515
131.58,88.6644
-16.58,87.6145
47.41,87.8783
105.7,88.5479
73.9,88.7153
101.54,89.3344
57.31,89.122
-34.63,87.4624
91,85.3424
72.13,83.5285
87.73,82.7503
19.86,82.6002
-32.08,78.9516
13.34,77.5896
80.69,77.4062
-27.49,76.6995
19.8,76.706
8.98,76.6738
-13.86,77.2695
27.68,74.054
85.3,74.5636
98.43,75.5324
21.01,74.6439
7.13,74.4029
11.76,72.9854
232.79,75.0571
10.24,74.3404
25.33,73.8329
3.77,72.1836
189.46,72.6599
76.65,72.9009
354.89,75.6022
253.29,77.6829
67.63,78.4417
0.75,77.7123
286.02,80.2986
-27.5,80.659
36.24,81.2488
19.51,81.2874
30.35,80.308
97.12,81.0272
17.71,81.1191
-30.17,78.5776
79.58,77.9652
78.99,78.3828
60.13,75.9723
26.14,76.1019
219.61,77.4685
90.01,78.0151
103.24,77.7302
50.39,77.9423
114,78.7834
94.4,79.6696
0.33,78.5425
67.85,77.0639
96.22,77.6548
-2.83,77.331
106.17,77.4846
78.52,77.6121
19.06,76.945
-13.91,74.6591
68.24,74.8963
62.35,75.0459
95.83,75.246
52.93,74.9748
78.57,72.9415
108.69,73.2955
4.58,72.9296
71.62,72.9207
79.19,73.4796
265.97,75.2573
1.38,74.9599
9.29,71.9782
83.12,72.3297
-21.92,71.1663
128.21,72.201
30.65,72.0673
58.95,72.3277
249.62,74.4766
41.04,72.0361
90.17,72.05
33.48,72.089
89.49,72.5527
79.57,70.7978
265.67,73.0571
0.29,72.2272
77.67,71.4212
86.63,71.1854
92.37,71.1463
102.27,71.5523
248.99,73.501
100.2,72.0732
15.19,71.2996
313.67,72.3527
19.98,72.3087
1.97,71.7275
49.24,72.6088
104.74,72.8564
87.02,73.0742
124.96,74.015
102.45,73.7237
108.16,74.9711
89.53,75.3923
77.25,75.1078
94.43,75.3131
66.92,74.9669
91.38,75.3076
85.06,76.5045
20.29,75.7974
289.5,77.9711
76.61,77.8599
27.15,77.9328
96.89,79.2225
282.52,81.9143
-1.54,81.092
88.54,82.2523
118.07,83.235
3.91,83.1843
108.71,84.41
56.54,84.6986
122.09,85.0665
108.8,85.1702
77.85,85.7386
63.88,86.3061
99.84,87.1869
96.59,85.8249
3.16,85.7541
52.33,86.0241
39.93,86.3857
72.53,85.2164
77.02,85.2201
86.47,82.5359
13.62,80.1392
29,79.7529
87.76,80.623
65.56,78.4184
62.34,79.3168
84.12,79.7956
23.46,79.8351
204.01,81.5717
107.2,81.6725
163.06,83.126
72.3,84.1507
103.59,84.3908
-53.94,83.0615
105.39,83.5141
125.41,84.5068
124.51,83.5558
103.91,83.6948
97.44,83.6368
-43.98,82.6931
64.44,82.1975
-25.69,80.9966
87.6,81.8693
82.4,82.0148
118.62,82.2388
91.61,83.1832
0.75,82.129
-11.19,81.2319
108.07,82.122
77.45,83.0356
108.24,83.4356
87.91,83.6912
98.89,83.7218
110.61,84.2986
16.19,83.6748
86.37,83.4516
32.73,83.7331
315.47,86.1716
82.63,86.206
98.74,84.5337
80.01,85.32
273.69,87.964
-0.27,87.1301
123.88,88.5881
334.73,90.6533
71.19,91.0587
83.89,91.3081
63.01,89.442
94.22,89.9738
14.77,89.2198
47.33,89.3583
-13.49,88.3285
138.1,88.9138
-51.67,85.7404
-15.91,85.5784
101.08,85.8125
13,85.0762
117.39,85.3264
102.07,85.3244
76.21,83.5966
102.36,83.6182
99.66,84.4629
-28.89,81.0373
105.41,81.8916
-18.1,81.6909
-5.93,81.1392
284.5,82.9368
-1.82,82.0484
33.68,81.1356
36.69,80.478
21.32,79.6096
85.49,79.5692
18.76,78.9843
345.51,81.4951
110.32,81.9291
84.51,81.8604
84.26,81.8524
72.64,82.3759
48.6,79.9669
53.72,79.738
21.97,79.6862
146.87,80.186
215.31,79.5139
171.8,81.2473
33.72,80.6991
90.5,80.4234
81.11,81.1954
5.25,80.1608
65.89,80.2543
75.21,79.7855
81.77,79.5152
86.49,79.6016
153.77,80.5005
87.26,80.3747
6.95,79.4783
97.66,80.4233
17.39,80.0739
53.83,80.2129
35.25,79.8401
-6.6,79.0039
89.62,79.0354
107.99,79.9791
79.39,80.483
28.07,79.8861
69.21,79.9226
76.52,80.0644
22.44,79.4476
66.79,79.8809
79.98,78.6406
59.84,78.167
91.17,77.4481
333.82,80.0633
48.85,79.5159
-18.29,79.8724
96.66,79.7851
96.96,79.5006
73.33,78.9888
23.17,78.1814
95.16,78.1586
95.74,79.5558
85.27,79.7641
13.73,80.1583
45.88,79.7411
17.58,79.0929
80,78.7067
25.27,78.0433
-16.68,77.869
95.61,78.937
109.44,78.9507
44.49,78.6211
58.34,78.1221
107.47,78.3177
23.88,77.5676
108.14,77.5429
109.33,78.4743
87.07,78.4813
109.14,79.2454
106,77.1507
77.57,77.1001
118.03,77.293
101.49,77.5078
-25.65,74.5144
26.33,74.7804
86.8,74.4096
327.03,74.3326
89.8,74.5187
84.39,74.5237
79.75,74.6911
95.69,74.7058
127.97,75.8378
37.08,75.7353
-28.93,75.5809
60.69,74.8068
36.34,75.6869
49.36,76.3396
81.65,76.1453
85.5,76.8703
74.82,76.4446
96.05,76.3844
256.57,78.188
59.72,77.7616
108.61,77.8511
52.24,78.6624
327.87,80.887
156.24,82.6304
35.04,83.0401
15,80.3451
98.9,81.3523
15.98,81.1753
69.45,81.5029
76.15,82.0512
80.29,81.9992
318.83,84.9999
75.28,82.2976
-11.6,81.0784
21.78,80.4511
41.65,80.025
73.15,80.0301
345.14,82.9955
149.77,83.956
95.77,84.694
25.52,83.4805
-7.42,81.2532
22.09,79.7561
96.23,80.3812
86.07,80.3369
62.86,80.1544
330.43,83.4062
32.83,83.0756
56.36,82.8871
96.54,83.0348
86.77,83.0376
62.13,82.1212
84.09,82.0895
91.48,82.9348
13.42,82.0924
90.03,82.8188
86.93,83.1498
84.19,83.6392
-37.57,83.3295
131.3,83.7463
89.44,83.5608
43.6,83.2029
72.23,83.6445
58.68,83.5392
-24,82.534
49.36,82.8032
229.5,84.4303
105.91,84.6896
48.9,84.5802
59.19,84.2604
81.26,81.7348
84.88,82.0951
88.64,83.1644
90.9,83.1068
69.27,82.8299
36.11,82.4577
106.6,83.292
86.61,83.2065
45.79,82.707
133.14,83.1857
264.52,85.6936
102.85,86.2633
39.58,86.4833
50.66,86.1899
247.12,88.4084
103.44,89.6096
82.88,89.4823
61.03,88.9982
57.32,89.1265
90.61,89.4492
95.46,89.3291
-36.64,88.7239
68.22,88.3247
78.06,88.012
88.94,88.0307
70.95,87.6488
59.35,87.1823
-114.19,85.2647
3.95,84.1239
37.48,83.4838
90.36,84.6439
123.45,85.6151
66.09,85.408
101.92,83.1569
72.11,82.98
87.89,83.015
100.54,83.2229
6.59,82.3319
14.05,81.1927
53.02,81.3521
94.14,82.5828
76.61,82.742
73.74,83.116
79.66,83.419
231.74,84.9199
42.04,84.4853
41.35,84.1506
96.15,84.1516
92.71,82.513
94.03,82.8561
47.03,82.2403
92.49,82.6428
80.47,80.1688
36.71,78.9735
2.65,78.6496
87.4,79.3736
25.32,78.6378
32.09,78.7989
49.17,78.5961
86.56,78.7002
59.54,78.4927
16.62,75.4706
79.71,75.5149
39.6,76.0269
77.81,76.5872
62.61,76.7968
29.75,76.3628
71.72,73.6286
53.68,72.6677
105.3,72.763
48.75,72.9953
76.04,73.8299
120.95,74.8185
89.66,74.7528
22.12,74.1133
85.75,74.3422
-5.23,70.9856
30.03,70.9576
31.85,70.7125
53.27,70.2798
14.13,69.5534
99.16,69.9237
45.54,69.5382
79.2,69.4154
78.27,70.0639
26.01,69.4237
19.87,68.7531
74.13,68.6525
26.02,69.2884
43.37,68.4091
23.61,67.7508
66.46,67.9794
22.03,67.4774
65.48,67.5454
46.26,68.248
34.36,68.098
75.29,66.5559
68.79,66.1847
106.22,66.7579
-221.75,63.9485
83.01,63.966
68.58,63.803
66.2,63.5786
53.19,63.2015
38.44,62.8932
89.5,63.4271
82.69,63.188
88.53,63.2072
28.09,63.0302
32.86,62.0274
51.58,59.898
83.76,59.7071
-3.76,59.2737
-34.04,58.4267
85.26,56.8081
107.49,56.8486
85.59,56.8757
70.69,56.9723
24.01,56.6392
85.26,56.5857
8.87,55.7198
68.24,56.7686
68.51,56.7715
21.39,56.2048
113.18,56.4472
92.5,56.6627
99.26,57.0618
110.2,59.3057
80.25,60.0687
77.44,60.4683
115.78,60.7225
93.63,60.4243
98.77,60.7511
96.22,60.6941
106.33,61.0363
10.9,60.2664
97.07,60.2317
67.88,60.8446
98.75,61.6916
28.32,61.4446
100.5,61.5082
49.12,61.2333
102.44,61.5203
47.54,61.1991
95.05,59.8322
227.04,61.6822
107.85,62.3472
79.51,62.1808
110.7,62.3607
71.68,62.1372
249.75,64.1644
110.43,64.3438
37.06,63.9097
-155,61.9926
233.44,64.3005
3.93,63.4658
73.02,63.9428
-3.24,63.5895
98.59,64.0837
88.58,64.1039
75.59,64.2644
74.25,64.8407
70.98,64.7534
94.15,65.2989
75.42,65.275
30.66,64.9555
-20.11,64.4569
64.07,64.3804
48.28,64.3264
6.47,63.3381
88.52,63.7358
-5.53,62.9201
76.18,62.4724
95.6,62.5318
80.53,63.1159
78.23,63.0407
96.62,64.0592
74.89,64.5078
71.89,64.9082
70.97,65.0852
102.08,65.9647
88.84,65.8615
97.15,66.3776
123.37,66.8193
70.94,66.746
112.58,67.6117
1.77,67.4307
87.28,67.5622
106.03,68.3623
56.09,68.4895
97.01,69.2235
26.58,68.8247
41.61,69.0205
110.18,69.4675
84.41,69.849
229.53,71.8007
115.23,72.2001
89.11,72.4033
40.26,71.7437
98.36,74.9448
88.27,74.9974
100.28,75.3144
29.9,74.9514
31.44,74.7339
119.51,75.5446
71.81,75.3677
39.38,74.9346
80.5,74.8543
91.04,75.4838
89.19,76.0471
42.12,75.9525
299.87,78.1136
98.76,79.1388
8.21,79.5613
25.2,78.9607
90.97,78.7955
33.54,78.275
112.2,78.6901
4.6,78.496
36.25,78.0059
109.39,79.0111
280.47,81.1334
8.56,80.5339
-63.09,79.6891
111.91,79.6764
82.88,79.5802
341.62,82.0038
75.45,81.6563
91.07,81.7645
127.14,82.2615
46.53,81.569
-6.35,80.5692
-181.5,77.7665
122.39,78.0282
48.55,77.4504
95.55,78.2969
84.7,78.1732
48.64,77.9808
15.58,77.1491
85.64,77.7223
12.38,76.8411
26.69,76.6168
79.63,76.3887
40.85,76.3218
283.3,78.2043
79.71,76.731
55.13,76.2038
47.26,75.8813
136.7,76.1413
32.94,75.7539
24.99,73.5063
45.83,72.8603
33.94,72.8291
94.01,75.3192
92.45,73.9093
84.35,74.7135
128.09,75.2642
29.03,75.5869
-75.9,73.842
126.76,74.2238
91.45,74.3824
34.75,73.9874
-0.35,73.2741
-32.21,72.0105
61.93,71.8756
115.85,72.7275
214.62,75.0748
119.85,75.6326
82.23,75.9721
53.75,76.4449
137.3,76.9327
109.57,78.0837
326.72,80.5891
8.4,79.7171
52,79.4318
49.01,79.1396
91.08,79.0842
98.29,79.3182
20.9,78.8083
112.33,79.2219
-38.23,77.8188
87.25,77.8029
98.53,77.8167
83.47,77.4177
30.28,77.0111
-4.08,75.8445
-4.92,75.7776
35.94,75.2642
38.91,74.593
242.24,76.4545
86.3,76.3474
99.28,77.0744
17.1,76.8293
280.1,78.5285
25.93,77.9437
83.81,76.4865
99.4,76.3282
86.99,76.307
89.94,76.8038
25.57,76.0759
59.23,75.7855
152.12,76.3039
2.71,76.032
76.75,76.4851
4.23,75.3323
-27.77,74.3365
115.1,75.0937
59.62,74.8849
10.46,74.0791
-31.04,72.8768
88.92,73.3448
51.74,70.8635
-14.81,69.7278
51.87,70.1644
24.31,70.1555
59.34,69.8392
24.17,69.7455
131.8,69.9415
0.74,69.9029
124.67,70.7871
98.49,70.6781
20.15,68.0749
103.79,69.0272
55.87,70.2168
-30.38,68.7939
57.95,68.5446
19.19,65.3203
134.82,65.914
74.66,65.7499
11.77,64.5962
109.25,65.2234
147.19,66.7588
27.11,68.8449
11.15,67.7325
108.87,68.3357
127.83,68.6585
106.27,68.8742
37.8,68.7658
117.4,69.784
130.79,70.2355
119.63,71.308
112.89,72.17
102.49,72.3986
133.45,73.3246
10.17,70.5933
68.64,70.4826
10.51,70.0364
232.17,71.8855
109.34,71.6119
54.81,71.8306
27.85,71.8592
-8.36,71.3173
-653.43,64.4436
26.76,63.7711
34.72,63.1938
-10.18,62.2485
113.47,62.1023
41.38,62.2258
22.83,63.2131
62.63,62.5718
86.19,62.5192
280.24,64.9741
52.39,65.5015
82.85,66.6521
53.85,66.5713
73.43,66.1471
36.93,64.3702
40.43,63.576
115.64,63.9101
7.99,63.4525
46.1,62.5405
104.07,62.4855
44.52,59.6635
134.27,60.9222
221.21,62.6143
41.92,62.5434
267.51,64.3077
78.68,64.1116
252.37,66.4263
109.37,66.3967
124.09,68.0199
47.56,67.623
49.24,67.1301
139.05,67.6859
81.98,68.2029
233.23,70.576
-1.68,70.6084
141.15,71.6605
118.27,72.4541
12.79,70.1596
-12.93,69.1673
151.43,69.6888
253.37,72.0515
34.58,69.5963
68.07,70.0177
51.09,69.6905
115.88,69.8553
99.41,69.9795
11.56,69.1957
146.74,70.4074
112.76,70.9427
106.11,70.4826
133.42,71.7897
124.65,72.2687
87.01,73.0965
52.15,73.8957
93.02,73.6749
80.38,73.8825
3.92,73.8171
110.36,75.2311
159.83,75.9402
145.45,76.8773
65.71,77.6825
116.89,78.3327
98.34,79.073
121.86,79.6982
93.53,80.3918
44.04,79.5142
137.62,80.883
277.44,82.4107
46.45,81.8903
23.13,81.9201
125.54,82.1376
39.96,81.9785
135.32,83.6355
51.6,83.572
71.23,84.0924
94.99,83.6941
-9.55,82.852
30.15,83.0358
268.28,84.6261
111.42,84.2684
255.19,86.5492
68.05,87.1182
291.95,88.949
134.78,89.0185
25.8,88.2138
180.24,89.6382
80.13,89.2655
227.31,90.2307
91.33,89.9477
294.53,91.7641
44.02,91.1794
88.64,90.7313
177.21,92.4017
95.38,92.6691
104.37,93.6077
31.04,91.5964
87.4,91.377
13.75,90.9664
84.84,91.5363
303.25,94.6524
291.21,104.0988
46.01,104.2913
116.33,105.1074
30.31,105.5123
98.57,105.3633
85.94,105.8089
74.45,106.3251
98.52,106.684
36.62,106.1883
91.57,104.3016
154.57,105.3234
34.83,104.8432
-68.66,103.6181
8.4,102.9678
253.61,105.1346
107.06,105.8009
93.2,105.5765
99.09,106.4875
234.89,108.3754
11.5,107.4497
78.29,107.7874
143.83,107.883
105.81,106.729
60.33,106.9131
88.13,105.1193
57.2,104.9045
119.05,103.5713
51.94,102.997
104.24,102.7985
115,103.4729
85.85,103.839
141.21,103.8606
40.19,103.4427
95.43,102.0647
96.93,103.0508
102.88,102.6681
-1.36,101.4718
116.29,102.5068
-1.89,102.6172
66.93,101.7722
-9.49,99.1436
110.54,99.9032
27.98,99.5023
103.43,100.0257
264.71,101.514
348.61,104.006
90.36,104.794
8.95,103.4161
39.88,102.6873
32.27,101.9489
124.02,101.8549
54.85,101.1569
15.53,100.4421
105.14,100.972
288.89,102.9307
76.61,102.893
84.2,103.6958
38.33,102.9755
52.22,101.8994
134.97,101.7946
238.37,103.5212
115.83,103.5106
81.36,103.3408
57.56,102.6978
60.68,102.3693
53.96,102.4685
67.8,101.7703
85.8,99.8539
75.97,100.1491
44.38,100.3616
45.86,99.5648
79.9,99.9642
34.72,98.9582
63.96,99.0818
50.42,98.8737
75.29,98.6767
316.38,101.936
80.21,102.4366
128.84,101.0422
80.76,100.7356
9.73,98.281
18.48,97.7853
296.6,97.8318
67.5,97.159
44.01,97.3411
36.89,95.9076
145.41,96.5604
84.71,95.1344
29.78,94.5189
57.34,92.147
5.46,91.7614
31.69,91.1919
68.96,90.1094
251.47,91.6703
59.21,91.2187
249.38,93.4021
62.72,93.1553
67.17,93.6895
87.7,93.7181
54.58,91.2314
86.51,89.1844
83.03,89.5546
18.23,88.5736
18.06,88.4511
207.09,89.5363
51.59,89.1928
41.41,88.8624
40.59,88.2831
84.48,88.7617
46.88,88.3148
44.58,87.2149
67.26,87.5392
66.83,88.8941
216.92,90.9793
250,90.9432
67.1,90.5436
213.78,91.7494
-20.01,90.5584
99.41,89.2036
92.21,90.0107
75.91,89.9869
18.96,88.7382
15.6,87.8361
100.12,88.234
98.06,88.3333
124.65,89.0078
221.76,90.0349
143.12,90.9467
91.12,90.8155
101.75,90.683
101.75,90.842
87.47,90.3046
97.58,90.8785
108.66,91.0108
121.74,91.2589
69.06,90.9207
78.56,91.7199
-53.19,90.0251
178.31,91.8271
100.77,92.1655
64.03,92.9007
116.21,92.9574
49.06,93.1682
9.18,92.2257
98.13,90.5599
59.86,87.6724
-40.98,86.359
49.48,86.7643
142.3,87.7885
-42.16,87.0442
95.8,86.762
100.15,87.215
155.66,88.6163
126.47,88.8296
231.19,88.2526
100.93,88.4958
104.67,88.7005
48.96,88.8068
76.67,89.0513
105.35,88.7551
106.3,87.4344
223.84,88.5145
106.49,88.7658
105.71,89.2473
110.93,89.7498
93.11,90.1413
20.65,89.6698
42.61,89.2379
88.47,89.3629
81.59,89.735
81.28,90.0892
145.11,90.7413
113.49,91.529
67.63,91.5657
167.57,92.7372
75.02,92.7345
80.09,90.3716
115.89,90.7284
139.29,90.8329
299.08,93.0161
79.82,93.717
-23.21,93.3001
323.49,93.569
4.16,92.9356
108.31,93.5786
107.64,94.2861
95.08,93.7828
44.26,93.3783
102.95,94.11
82.13,94.3579
-1.23,94.291
105.47,95.0288
155.76,95.8968
15.64,93.5385
-1.36,92.9328
100.76,91.4466
282.76,93.647
87.96,93.8549
-5.57,92.9222
237.49,94.7513
-15.62,93.73
101.15,93.9112
110.47,94.8336
-6.2,94.591
313.95,95.6596
148.89,96.6326
72.4,96.9425
102.02,97.5568
150.7,98.219
129.62,99.0464
133.71,99.9377
68.73,99.9524
-30.32,98.9809
95.05,97.7622
256.25,97.8247
85.2,98.0057
96.5,96.8329
121.58,98.2488
96.43,98.219
152.67,98.8236
89.53,98.9598
96.35,99.7337
110.65,100.6842
98.16,100.6646
112.76,100.8116
46.97,100.0348
49.68,98.314
29.18,97.1746
122.97,97.4931
45.61,96.9317
166.88,97.583
209.89,98.8072
70.5,98.5364
172.88,99.1786
89.45,98.8557
94.92,99.1143
79.82,99.1269
161.82,101.277
151.17,101.0056
149.38,101.4917
89.03,101.7417
90.22,101.4818
86.42,101.8554
290.3,104.6666
147.37,105.159
138.65,105.9469
59.35,106.9502
283.77,109.2931
-17.59,107.6942
101.91,109.1349
30.52,108.4821
113.54,108.616
25.41,107.3135
140.26,107.4514
-33.49,104.8046
237.74,106.1727
82.28,105.9488
121.99,106.6791
76.85,106.6809
155.35,107.1809
-1.31,106.1048
98.9,104.8554
86.79,104.6584
83.09,104.4322
44.71,103.77
85.57,103.6946
99.92,104.4873
70.3,104.7642
46.59,104.3454
-28.14,103.2481
236.83,104.8036
10.65,103.459
195.31,104.2772
80.16,104.4025
138.03,104.1071
69.27,104.0496
89.39,104.1426
95.79,103.9416
309.41,105.6428
15.77,102.8097
26.09,102.2724
218.62,104.6907
69.36,102.1494
233.33,104.4411
27.83,103.6363
83.99,103.3998
78.03,103.2293
67.29,103.4596
103.07,103.4608
20.02,102.8397
347.3,106.325
93.22,106.2025
331.57,107.9606
117.16,108.9758
51.8,109.5074
100.19,109.5017
141.75,108.0916
87.14,108.0834
136.74,109.5065
31.07,107.4423
25.7,107.8555
91.75,107.7615
45.67,107.1135
144.65,108.622
98.13,106.4638
91.02,105.8851
93.72,106.0983
113.64,106.2145
-34.26,104.3649
135.82,104.4269
7.08,103.1606
213.91,104.6124
89.65,105.8121
35.64,105.218
109.29,103.7484
282.4,105.7204
67.09,105.4263
111.03,105.3208
85.49,105.2114
78.57,104.4704
318.58,106.7609
258.18,108.3792
11.87,107.3914
104.49,107.4547
65.64,106.9835
237.17,108.8855
95.61,109.3448
131.23,110.3653
19.38,109.3294
197.55,110.8488
91.57,110.0957
86.1,108.8578
-0.92,108.1436
34.7,106.7618
-0.97,105.8576
183.32,106.7416
77.72,106.7206
3.63,105.1387
49.06,104.1176
104.9,103.6728
71.76,103.5001
264.6,105.2439
47.11,104.8508
130.09,103.2487
0.11,101.7761
104.07,101.4303
81.05,101.6473
263.61,101.4457
110.06,102.7222
170.58,103.4089
15.7,103.2607
67.68,102.8021
106.85,103.6165
53.32,102.7471
94.72,104.0292
-12.29,101.5289
96.92,101.6753
333.38,103.7892
108.02,104.1009
9.12,102.6386
31.14,102.9631
-28.96,101.6845
-44.46,100.372
81.44,100.3555
44.09,100.3493
109.2,100.5856
222.77,101.8141
149.05,102.6016
103.68,103.1725
80.16,104.2555
16.17,102.0489
100.91,102.9515
264.72,103.6456
79.07,103.6347
90.25,103.1569
139,103.8542
258.6,105.5463
-31.89,104.2695
-39.26,100.7828
91.97,101.5448
89.33,102.1772
134.66,101.3376
278.28,103.4268
232.29,103.4164
87.07,104.0088
38.19,103.5508
122.69,103.9974
-24.81,103.0764
30.14,102.3471
225.07,104.3976
75.28,101.6774
98.43,101.7295
81.09,99.2247
123.66,99.2897
138.74,100.1591
97.08,100.128
-34.32,98.3673
101.08,98.5067
24.1,97.3803
67.5,97.7446
-17.09,97.3167
-1.91,96.3801
88.04,96.8038
67.54,96.0327
1.93,95.0707
254.23,96.7028
77.33,96.5389
104.99,96.4524
95.41,97.7491
76.09,97.1518
46.41,97.5451
106.07,96.4667
266.84,98.2386
189.02,99.7724
127,99.9495
126.12,98.3867
227.77,99.9935
132.86,100.2118
155.19,100.9088
101.74,101.1405
-5.47,97.9
16.07,95.4789
264.13,98.0015
227.68,99.2334
90.2,99.479
-14.3,96.9643
128.25,97.2907
328.35,99.2619
56,99.6281
300.29,100.6555
110.77,100.8475
60.64,100.5929
223.66,102.8387
54.46,103.0363
108.78,104.1338
56.53,102.8659
260.44,104.6931
290.54,107.5622
59.8,107.6696
285.5,109.4756
-82.42,107.9338
105.67,106.3445
92.76,106.801
61.01,106.1102
67.48,106.7839
68.26,106.4258
93.05,106.5458
2.52,103.9349
158.83,104.4226
154.77,104.2645
129,105.3975
232.75,107.0482
65,106.6297
66.49,106.7614
273.95,108.5537
299.41,111.6707
78.9,111.4905
25.23,108.409
101.15,108.3403
-20.74,108.0417
230.39,110.0342
265.74,112.9812
57.03,113.9961
79.97,113.9814
96.81,114.5086
138.02,114.7968
80.1,113.3701
196.36,113.8432
121.8,114.0244
101.32,114.236
59.18,114.6661
85.79,114.5149
82.69,112.6946
246.78,114.3717
56.88,114.038
112.45,113.7725
3.74,111.2239
95.22,112.495
41.7,113.3046
94.04,113.3253
72.09,113.1529
89.93,112.7056
79.26,110.7154
259.62,110.9887
198.28,112.1008
94.66,112.6655
90.78,112.3464
125.07,113.8452
103.08,114.5746
63.89,112.9628
144.43,113.6543
39.94,113.0694
75.91,113.0176
34.86,112.1296
68.27,111.4249
94.41,111.3982
109.54,112.8368
128.33,113.1093
17.87,113.047
144.08,113.8128
47.65,114.4602
55.64,115.0357
95.34,115.1087
100.68,115.4401
119.14,116.6122
165.23,115.7222
107.32,116.0221
15.24,115.1246
73.03,114.9008
-18.48,113.9551
93.48,114.4258
-10.24,113.2627
99.1,111.5853
113.2,110.8271
13.78,109.6949
173.81,110.1718
50.32,108.3973
228.54,109.3541
-61.2,107.1902
-65.99,105.5129
257.84,108.146
238.06,110.3659
69.88,108.4234
276.88,108.9154
86.55,108.8789
92.53,109.9472
101.24,109.6771
17.76,106.5712
111.78,107.129
74.55,104.8716
115.3,104.9169
160.4,105.9145
65.47,104.3326
100.58,104.7938
124.88,104.9548
57.78,104.9673
99.02,103.3531
181.99,102.2676
65.18,102.3214
105.29,100.5193
24.16,101.5851
84.6,101.3744
234.36,102.7904
95.2,103.1323
101.61,103.4736
146.87,104.2597
161.55,104.9447
121.92,106.1387
-14.39,104.4065
151.11,104.3699
88.67,103.9666
96.18,102.6009
63.14,102.5823
-61.67,101.3007
64.08,99.202
219.62,98.4041
153.16,99.1467
96.49,99.8593
58.17,99.4295
283.06,102.4675
-55.37,99.6099
76.05,97.713
-15.84,96.9843
103.27,97.2173
19.21,96.4413
-1.16,95.0495
77.75,95.026
108.85,94.1509
69.43,93.6272
107.1,93.685
1.15,93.1047
102.49,93.2717
154.33,93.9881
105.93,92.5796
137.72,93.388
72.83,92.9918
14.77,93.1021
12.63,92.2762
99.98,92.859
131.92,93.2378
100.49,93.5218
42.42,93.0467
75.3,93.0071
88.26,91.2935
134.56,90.6563
47.9,90.1887
116.47,90.4456
66.39,89.8588
35.9,89.187
153.23,90.0804
82.16,89.4577
182.7,90.8853
98.29,91.1091
284.04,93.6009
115.96,94.0778
-0.01,93.1336
43.65,92.4747
173.94,92.9308
83.83,93.5904
64.79,92.7975
74.57,93.0667
120.54,93.7157
6.84,92.8307
84.62,92.6701
92.75,92.4062
111.43,91.8682
41.29,91.2079
111.16,92.1671
130.5,92.7418
104.71,93.9737
97.17,94.0106
93.88,95.0518
89.97,94.9605
234.29,96.1714
91.61,96.9497
112.87,96.3403
-5.42,95.7829
89.72,94.3947
9.15,95.0982
104.41,96.8022
113.36,95.3574
14.12,93.118
78.95,93.2087
108.44,91.5243
-8.9,90.5698
-0.55,89.639
108.02,89.7068
86.33,90.3925
70.11,89.9758
90.61,90.1364
-2.86,88.9548
96.17,88.3125
81.48,88.4726
94.93,88.4161
52.09,87.6882
229.39,89.4043
126.79,89.682
114.95,89.0116
133.04,89.6902
287.2,91.5093
75.71,92.0248
142.77,92.6065
107.24,91.3353
313.27,93.516
126.74,93.7673
104.3,93.3416
80.54,92.5315
61.19,91.9242
106.43,93.1324
-16.07,91.4606
52.17,91.0956
107.27,91.2065
82.57,91.4008
116.75,93.185
112.38,93.668
45.56,91.9274
128.88,91.6846
314.51,93.8648
260.42,95.8873
107.47,94.1314
201.16,96.6967
54.84,96.4846
-17.51,96.4679
65.27,96.0879
70.54,96.6012
102.65,97.6393
129.78,98.1596
67.4,97.7451
90.66,97.9574
16.02,97.0466
92.15,97.9566
147.94,98.4111
133.18,98.1996
88.13,98.0216
45.97,97.1041
111.33,97.4891
326.86,100.61
93.35,101.4172
66.78,101.0852
53.49,100.3009
29.95,99.5955
-419.57,94.9756
22.63,94.4489
20.39,93.7702
38.36,92.8082
80.15,93.1307
-3.5,91.931
104.99,92.317
264.68,94.6048
145,94.5225
114.83,94.8492
75.83,93.7805
128.96,94.0872
1.67,91.2635
89.86,91.0025
318.76,94.1902
78.35,94.5372
102.69,93.8247
55.83,93.5447
310.67,96.0035
-13.11,95.1267
74.23,94.6636
231.84,96.9136
277.48,98.8422
136.47,99.2794
53.39,98.699
244.83,100.7344
66.86,100.2914
102.62,100.0126
100.5,99.9705
232.56,101.3244
61.6,101.0016
89.27,100.9946
47.4,99.1257
89.2,99.1016
129.93,99.2722
244.13,101.7677
74.83,101.6188
274.5,104.2723
12.02,103.3484
100.43,103.2191
87.9,103.9569
118.35,104.3509
111.48,104.3813
-41.68,104.0535
94.17,105.0007
220.68,106.1273
89.27,106.1567
277.9,108.2346
-6.67,107.2618
305.15,110.3419
102.71,110.4073
281.86,112.4111
37.14,111.8332
93.13,112.2436
117.43,111.124
121.66,111.0727
180.89,111.7321
-17.12,110.2305
56.29,107.9214
284.06,110.0049
219.16,110.7688
120.92,110.9056
231.27,110.0856
248.06,111.2988
23.88,110.4946
180.17,111.4909
63.54,111.5144
82.72,111.2773
109.05,112.5285
87.23,112.8791
73.16,112.538
17.45,111.8868
83.72,111.5565
71.62,111.1489
126.21,111.9554
71.52,111.3818
93.25,109.1692
89.53,107.4603
3.46,106.4202
97.36,105.3822
64.6,105.4798
173.53,107.3902
100.18,107.7393
1.04,107.0443
89.34,106.9112
-1388.04,91.733
107.11,92.1301
87.09,92.0944
283.58,94.77
-23.95,93.609
61.81,92.7477
325.61,94.672
67.37,94.4644
130.89,95.3136
20.69,94.4072
38.65,91.5251
253.68,93.1284
69.41,93.1547
110.15,93.7213
82.61,94.2479
200.72,100.4508
139.41,101.6186
107.48,102.4895
131.37,103.4196
98.34,103.6015
9.03,103.7268
98.2,103.6589
13.32,101.1453
-48.17,99.2136
118.99,99.2552
38,98.8769
16.71,97.7544
80.12,98.5389
32.46,97.9649
301.6,97.7933
107.83,98.0881
236.42,99.4254
307.32,101.9403
22.91,99.0627
47.4,99.6678
108.32,100.0087
85.02,98.5405
96.87,96.7344
95.72,96.3269
266.16,98.4546
110.92,97.1155
70.71,97.154
89.06,97.0184
61.18,96.6252
120.28,95.5024
9.51,94.9815
55.19,94.6407
115.89,95.3256
268.19,97.1155
16.44,95.9806
97.86,94.5179
-21.04,93.5592
7.5,90.8892
263.08,93.3998
192.29,94.3184
127.22,94.7116
100.82,94.5363
10.79,93.5294
58.47,94.5309
118.6,94.7752
85.33,93.4217
118.37,93.7127
124.66,92.1803
91.71,93.1641
83.82,90.9508
171.73,91.641
107.93,89.9017
83.13,90.3616
69.58,90.1261
120.46,90.1564
95.56,89.8954
-60.2,87.4845
144.83,89.104
47.3,89.0141
22.81,86.4016
188.49,86.0949
308.23,87.968
97.41,86.6294
274.22,86.891
93.94,87.5916
56.61,86.356
100.52,86.7258
233.63,88.2349
99.57,88.1401
-18.29,87.0849
92.81,87.2814
92.31,88.03
50.57,87.6985
101.94,88.0017
37.22,87.1118
122.83,87.6249
32.49,87.0173
170.83,87.8303
150.69,89.3026
71.67,89.0457
27.04,88.6701
-16.11,86.7737
65.47,86.4266
92.31,87.3393
130.33,87.7492
140.32,103.0328
127.97,103.2414
126.48,103.6353
114.06,101.9401
30.59,102.4855
101.79,102.8853
233.3,101.9622
77.13,102.0598
29.82,101.0491
133.12,102.1734
2.08,101.8077
111.77,100.3886
124.04,100.9349
314.79,102.9813
81.59,102.9711
-30.1,100.6629
264.03,101.9091
90.42,101.7385
265.77,103.0825
138.39,103.483
330.88,106.7015
41.55,106.135
133.01,107.3319
109.07,108.9043
91.17,108.6261
159.19,109.838
17.73,109.8482
62.86,109.6756
-1.94,109.3316
-27.2,106.0436
158.52,106.5505
278.19,106.9682
136.94,105.2644
58.43,105.6196
31.21,105.4577
245.13,106.8258
-19.7,105.7786
30.39,105.1138
149.24,105.649
-11.84,102.869
152.74,103.2872
-5.54,102.5247
-4.14,101.5927
82.15,101.8024
253.57,103.1353
0.76,103.0478
51.03,103.0062
27.61,102.1234
78.2,100.2235
30.85,100.3676
109.98,100.4888
-50.26,100.1966
-40.72,99.7144
-15.53,96.9283
44.85,95.4539
125.5,95.4367
264.07,97.0692
106.67,98.028
126,98.7033
272.31,100.2404
307.46,102.4617
59.32,101.8712
-31.08,100.3138
168.87,101.0854
16.42,100.4114
24.47,98.9388
24.06,98.1001
-13.34,97.1354
177.77,98.2173
225.06,99.2633
100.14,99.3091
46.93,100.3804
156.75,100.4996
2.59,100.0525
24.78,100.0722
95.99,99.1472
326.23,99.3272
123.34,99.5865
148.12,98.3255
124.52,98.6313
91.94,98.9846
1.41,97.9935
156.28,97.22
118.98,97.4141
66.8,98.265
-6.94,97.2675
-12.26,96.2218
90.08,96.6169
-7.43,95.5232
130.49,96.4559
128.54,96.513
306.17,99.2498
119.83,98.7398
109.84,98.3313
254.55,100.1601
60.74,100.4971
163.53,102.2935
43.67,102.0755
-119.27,99.9597
196.25,100.6189
32.13,99.537
162.25,99.8798
75.27,99.3677
12.78,98.3549
62.68,98.6758
273.75,100.3954
11.54,98.1778
231.15,99.718
-34.3,99.0768
-34.32,97.4024
233.21,99.7137
300.77,101.6037
2.3,100.3863
137.67,98.6151
-33.65,97.4627
119.76,98.9613
-20.85,96.1125
-10.78,95.1005
140.66,93.8494
107.48,93.5403
38.45,90.616
104.4,91.2445
42.69,90.3413
160.57,90.8563
21.52,90.1598
259.9,91.1669
135.59,92.3455
241.88,94.1357
94.5,95.1001
15.3,95.5251
240.64,96.3463
327.51,96.8395
-53.94,94.9307
120.5,95.5514
2.75,95.2668
-52.77,92.2878
110.78,93.5926
184.38,95.1325
121.57,94.8558
342.06,98.3948
258.2,99.4494
0.78,99.5126
65.35,100.2075
246.43,101.8503
278.18,102.0964
243.69,104.5257
165.5,105.6704
88.89,106.2832
164.9,107.1502
-8.81,106.7536
104.47,106.6985
108.62,108.2873
49.71,109.1916
266.46,112.0115
192.25,113.4855
299.8,115.2285
52.97,113.1175
171.04,113.7612
141.92,113.9204
95.03,112.1476
168.24,110.7554
130,111.4622
102,112.793
32.73,111.4316
122.78,112.4952
88.54,113.1359
23.35,113.1288
-10.14,113.1608
99.42,112.3773
-47.17,109.655
265.32,111.3068
79.16,111.6291
132.29,111.3845
270.81,114.0667
-0.18,113.8171
20.74,113.0646
261.34,112.4157
92.64,112.1087
318.96,113.8171
-11.45,112.4574
142.33,112.9613
103.86,113.9858
13.4,112.557
118.77,112.5549
8.73,111.9742
58.77,112.6313
241.33,115.1672
10.42,114.3706
324.1,117.6859
127.14,117.6524
133.36,117.7006
193.7,116.5759
128.38,116.6614
299.74,118.5604
113.64,117.1513
94.18,117.4857
156.76,117.418
98.47,117.966
9.14,119.2501
127.82,118.5658
109.16,119.3361
-0.43,117.7093
-4.08,116.9158
124.75,118.0355
306.07,120.4694
98.91,118.721
126.29,119.8685
131.32,118.8702
-49.28,118.7204
115.79,120.2215
