-26.51,
31.8,
78,
101.68,
23.69,
62.61,
-26.63,
-26.94,
66.61,
67.35,
-26.51,
-8.19,
19.88,
-26.75,
9.7,
49.69,
-26.41,
116.02,
-27.49,
55.13,
-9.54,
22.76,
59.46,
8.78,
-25.99,
51.64,
-27.57,
-26.74,
10.73,
-26.11,
32.54,
94.56,
5.72,
23.35,
17.35,
56.86,
-13.24,
-3.42,
13.11,
29.99,
-27.63,
-26.29,
42.93,
-27.4,
33.82,
63.85,
15.17,
-26.71,
52.48,
30.02,
68.86,
41.32,
30.64,
9.67,
99.48,
77.36,
60.63,
-26.21,
-26.09,
-27.43,
37.94,
11.84,
-26.49,
5.94,
43.46,
13.22,
14.41,
-3.74,
25.44,
41.01,
42.22,
34.05,
43.3,
29.41,
25.02,
74.44,
21.83,
48.17,
57.31,
51.37,
59.23,
52.23,
80.09,
69.16,
26.98,
38.37,
18.22,
39.12,
67.36,
65.34,
11.09,
12.02,
34.83,
59.68,
13.23,
-41.17,
41.89,
17.7,
-82.05,
6.2,23.9911
32.55,24.5817
52.65,24.7902
36.05,24.3707
-39.26,22.9613
52.17,23.2461
91.9,23.539
42.25,24.2278
32.11,24.8183
48.54,24.6376
26,24.2241
53.04,25.0196
-19.91,24.9024
-80.81,23.8955
42.4,24.587
13.4,24.624
50.93,24.6364
45.76,25.3581
22.78,24.4257
123.47,25.9353
22.48,25.6088
36.89,26.0731
41.88,26.2643
26.78,25.9375
47.06,26.3203
4.76,26.6278
70.07,26.8121
-27.96,26.8082
49.7,27.5726
-18.76,27.2777
74.21,28.2809
31.79,28.2734
58.09,27.9087
30.3,28.1545
15.46,28.0756
49.38,28.3959
9.58,27.9231
11.96,28.1751
8.42,28.2935
-5.68,28.1056
3.58,27.8415
71.44,28.8322
78.79,29.883
-34.4,29.1097
-111.91,28.2646
9.59,28.0223
74.44,28.1282
-1.95,27.957
37.83,28.6024
30.29,28.3805
29.04,28.3707
42.98,28.1119
36.43,28.063
9.24,27.849
61.39,28.3662
54.75,27.9189
83.52,27.9805
96.57,28.3399
45.69,29.0589
66.41,29.9839
14.56,30.4038
-0.59,30.0185
3.58,29.9359
31.51,30.5159
49.15,30.948
40.95,30.9229
-10.89,30.6818
29.56,30.8333
25.66,31.1273
21.64,31.0893
45.53,31.1345
-13.29,30.5794
60.21,30.841
55.37,30.9617
64.55,31.3131
42.47,31.4876
68.25,31.4257
-55.71,30.6503
38.5,30.5536
130.28,31.2833
78.79,31.5575
-26.37,30.7015
-26.85,29.9107
-90.22,28.2076
50.66,28.0226
12.25,27.8753
10.99,27.6015
-6.53,27.354
57.44,27.5372
36.56,27.2292
44.65,27.0223
25.75,27.1689
4.95,27.0982
36.51,27.115
42.8,26.9462
-45.63,26.3576
-44.17,26.3276
33.37,26.2424
83.24,26.8978
202.29,29.7412
28.04,29.9596
64.36,30.2777
234.41,32.0953
3.06,31.7654
27.46,32.4326
37.3,32.2839
65.82,32.0231
50.19,32.1025
-49.5,31.2864
12.29,30.9239
53.61,31.2
-88.15,29.7881
11.13,30.0985
57.75,31.4841
55.25,31.6126
-91.46,30.564
76.43,30.819
4.17,30.4031
61.56,30.7909
49.45,30.0507
210.56,31.9315
-18.92,31.3734
32.08,31.2754
1.69,31.0245
59.45,31.1484
72.36,31.8244
64.34,31.7671
-21.26,31.8341
-113.54,30.2017
59.01,30.9794
-55.81,29.6792
-59.28,28.7685
50.74,28.695
55.78,28.9498
56.33,29.3585
68.2,29.5467
-16.31,29.2878
-40.2,28.7662
14.51,28.8271
244.03,31.3242
58.02,31.8686
53.11,31.6853
45.3,31.3504
83.72,32.5316
166.79,35.3186
49.59,35.7186
106.01,36.0343
-90.28,35.151
35.97,35.1324
41.35,35.243
83.5,35.7876
-3.47,35.3231
209.6,37.0548
60.95,37.5719
-61.31,36.3449
3.89,35.8363
107.48,36.0759
30.21,35.4123
-74.52,34.2102
37.3,33.9191
-38.99,33.3836
73.7,34.1265
63.3,34.7237
21.04,34.619
62.88,34.7563
61.4,34.9608
63.65,35.7062
82.48,36.2354
71.73,36.6961
-6.22,36.4175
-2.81,35.9341
6.36,36.1306
-29.17,35.2368
3.22,34.7153
48.35,34.5533
200.36,36.1322
-34.25,35.1072
54,36.2043
57.88,36.3981
45.21,35.5474
100.4,35.7635
-64.96,35.3776
47.95,36.1256
-38.72,36.6406
55.42,36.6882
71.98,37.2855
27.41,37.4497
48.17,37.9967
-178.9,35.6333
46.12,35.7289
107.56,36.358
71.78,36.8183
46.3,37.2318
-116.9,35.6977
72.55,35.9952
-4.85,36.403
-44.62,36.3985
58.52,36.65
-18.36,35.634
23.17,33.8428
68.48,34.2472
16.14,33.765
38.39,31.8048
39.66,32.1708
92.29,32.8191
8.02,32.5263
77.68,32.6449
40.96,32.5526
-74.94,32.2982
34.22,32.5175
-17.2,31.8094
-39.49,32.296
75.02,32.9349
33.81,32.6955
-5.16,32.0914
4.66,33.0526
49.77,32.786
26.66,33.0109
-5.31,32.3422
29.05,32.1382
21.07,30.2433
89.04,31.3229
57.55,31.5776
-89.76,30.6631
43.37,30.5023
60.9,30.3877
-162.25,28.1218
-103.97,27.2947
46.83,28.8984
44.48,28.7531
6.79,29.3791
59.4,30.5659
-26.39,29.7946
52.61,29.7629
23.8,29.4376
-8.64,28.6692
27.32,29.1055
-108.85,28.419
-12.96,28.1443
36.31,26.0671
71.85,26.2054
-135.99,24.3144
79.48,24.6562
-84.71,22.9719
47.79,21.7819
77.71,22.0631
52.56,21.5286
11.17,22.5431
68.15,22.8649
20.29,22.6543
-67.19,21.1474
96.45,22.1466
34.55,20.3961
-126.02,18.5264
79.58,19.9353
68.09,20.5773
63.24,20.1349
49.2,20.3248
74.36,21.8136
52.92,21.9698
42.26,22.7823
64.07,22.686
87.79,22.9309
44.85,23.169
42.84,22.9686
44.06,22.7952
48.43,22.643
60.01,22.4183
57.5,22.276
40.18,22.74
83.27,23.6008
53.69,24.0741
26.08,24.6266
111.35,25.7079
62.77,25.8521
30.92,24.1577
59.23,25.0925
18.97,24.7422
46.8,24.6314
43.48,24.6141
75.77,24.3678
0.62,25.0236
24.6,24.7901
34.63,25.5236
29.74,25.2668
-27.24,24.2746
14.53,24.1458
50.22,24.1663
-77.66,25.1787
34.94,25.0669
117.7,25.1683
-15.7,24.2935
114.83,24.9788
43.91,26.5869
-7.61,25.7853
-176.14,24.0724
51.01,25.0287
47.12,24.9147
-123.59,23.8624
127.13,24.902
221.16,26.4288
52.16,26.789
37.43,26.7794
-10.17,26.2811
5.74,25.4156
47.77,25.8131
-137.84,23.6579
-18.76,23.0607
10.47,23.9148
18.88,23.7614
-13.1,23.8024
56.67,24.764
10.18,24.1156
63.86,24.4161
-89.9,23.5687
63.06,24.1527
248.67,26.1417
-48.53,25.3898
70.75,26.1504
-25.45,25.6054
-15.17,25.243
192.13,26.2739
-80.66,24.8918
242.83,28.2177
-21.07,27.5733
56.38,27.5281
10.11,29.2517
-4.13,30.2501
14.59,29.9277
235.68,31.8397
21.57,31.9875
11.86,31.5121
-97.9,30.797
51.68,30.7877
4.85,30.5982
45.19,31.1365
41.35,31.2768
-108.11,31.2842
-49.47,30.9191
-123.54,29.3206
-154.69,27.0552
37.56,28.7907
71.58,28.7117
69.21,30.2509
22.26,29.9956
21.73,29.4358
47.59,29.3861
39.01,29.6645
21.3,29.196
59.68,29.5899
68.36,30.9454
-26.7,29.7139
53.34,29.9018
38.57,31.5477
78.37,31.5356
-12.57,30.729
69.57,30.7923
47.97,30.78
60.65,30.6429
52.08,30.6345
-174.81,28.4638
149.93,29.3224
125.08,29.6953
195.76,31.2044
58.4,31.36
62.23,31.5417
48.57,31.5431
70.18,31.6448
43.84,31.5082
26.08,31.3672
45.39,30.9884
-163.68,28.8147
67.24,29.2263
65.78,28.7706
127.61,29.419
110.27,30.2125
44.77,30.0679
97.89,30.8571
74.14,31.1305
95.29,31.6486
50.79,31.3988
56.3,31.9556
81.72,32.5268
61.86,32.7991
31.46,32.8163
-55.47,32.534
-94.39,31.4448
52.26,31.4652
15.72,32.399
84.21,32.8917
-3.53,31.6794
18.95,32.0259
-55.27,30.3249
30.48,30.1906
67.48,30.9415
-124.25,31.4604
71.18,31.6621
63.17,31.8226
37.1,33.4295
75.93,32.9175
201.43,32.7202
1.84,32.217
42.66,32.2693
137.08,33.7418
88.7,34.5714
145.59,35.5496
56.75,37.4955
19.96,37.8827
-31.63,37.4617
77.31,38.046
204.86,40.2256
63.17,40.2906
64.78,40.8366
-76.65,39.4315
80.27,41.1332
147.29,41.9755
49.52,39.984
71.34,41.1827
49.08,40.966
38.66,41.6071
-131.88,40.44
-195.37,36.565
59.92,37.9708
-22.25,35.32
65.31,36.1838
42.25,36.0425
44.7,36.3884
25.04,36.6801
108.13,37.6155
28.85,35.5472
46.92,35.8007
52.98,36.2119
-113.96,36.0513
65.3,36.1875
-205.12,34.0878
25.61,33.892
74.86,34.2271
36.5,35.6732
81.61,36.984
-81.41,37.4053
21.16,39.1638
33.9,39.1272
-27.46,38.1368
77.61,38.2208
70.7,38.7052
-21.49,38.273
-30.18,37.4953
1.48,37.12
53.53,37.4423
-122.8,35.6175
-122.7,33.7069
-51.25,33.4614
45.6,33.384
-29.85,32.6998
170.82,33.6243
86.14,34.6114
29.52,34.2109
-130.27,32.4285
186.31,33.6851
66.37,33.828
-11.7,35.4591
-30.2,33.6578
-22.16,32.1854
35.03,30.5781
-67.24,29.3217
76.72,29.4666
202.23,31.0032
26.69,30.5683
71.23,30.8422
78.65,31.3679
75.39,31.6679
28.9,33.5937
69.5,33.6163
-163.15,31.327
27.69,30.3278
53.22,29.7573
217.7,31.4866
33.94,30.8471
237.45,32.4802
-21.31,31.3142
-92.75,29.8788
-101.35,28.3023
-3.83,27.4468
66.46,27.4928
213.19,29.3101
-28.72,29.5776
19.84,30.7199
-3.35,30.1638
74.59,30.7525
34.84,30.2588
218.81,32.4822
42.43,32.717
36,33.6297
65.03,33.9752
98.6,34.2864
127.83,36.8072
245.4,38.5494
21.57,38.1334
-4.41,37.7183
-11.21,36.8469
37.34,35.206
14.75,35.3351
-168.12,33.2273
-86.95,30.987
-1.28,30.0872
-106.92,27.5621
58.14,27.576
28.87,27.6651
49.91,28.4805
-10.91,27.5983
64.27,26.1924
-62.74,24.9333
-9.31,24.1924
21.79,25.1768
-24.34,24.1307
54.79,23.2057
-22.64,22.4841
-96.27,20.808
31.25,20.6297
-56.64,19.6767
208.68,23.0823
33.18,25.3678
52.63,25.2949
-24.84,25.269
-157.68,23.0391
42.12,23.0378
-50.03,22.0905
-67.38,21.1663
18.46,20.2696
28.03,20.2614
-16.26,19.6296
212.67,21.2265
119.26,23.5587
-14.4,22.7617
9.66,24.9095
-26.44,24.389
-7.87,23.5617
221.35,25.4102
209.02,26.6843
28.39,27.7823
2.57,27.5964
87.29,28.1303
-27.7,28.1279
105.89,28.4107
44.89,28.1526
23.68,28.6043
-26.06,28.6455
-26.51,28.3656
-27.69,27.5534
70.52,29.4866
11.33,30.8269
-26.9,31.0704
59.06,31.205
52.08,32.0243
-26.25,30.0536
66.71,29.8593
-13.42,29.4299
10.05,30.8331
77.53,29.7453
2.31,29.1047
-12.24,29.0993
48.76,29.8889
70.02,30.8107
-61.7,29.8434
119.61,31.7119
-3.37,30.911
52.9,29.4177
70.94,29.8602
170.48,30.8527
80.57,30.8719
-25.98,29.8582
86.31,30.4323
87,30.6073
52.9,32.7678
140.57,33.8966
32.34,33.6878
3.03,31.5411
28.67,31.4884
17.58,29.2897
-40.37,29.0991
9.87,30.1253
35.52,31.494
55.2,32.0843
1.45,31.4342
39.62,29.6985
55.32,30.5389
9.78,30.4383
67.59,31.1477
64.61,31.0479
122.82,31.9277
0.56,29.7452
-21.26,29.1083
-6.89,28.6794
41.94,28.4485
63.25,28.095
55.41,27.3708
-12.54,24.7914
280.9,27.3847
218.47,29.6135
55.44,30.28
52.34,30.43
99.55,31.278
-26.35,32.6957
-27.62,33.289
83.18,34.1336
42.1,35.6238
-27.81,34.7643
-121.29,33.2627
-15.89,32.6047
-49.72,32.2166
229.09,33.8648
29.49,34.7871
38.21,35.2623
57.43,35.6187
64.52,36.5073
-87.89,35.0805
156.61,36.873
28.85,38.1242
47.04,38.2821
-26.33,38.5852
-26.37,36.2347
47.84,36.3813
51.74,36.3724
115.63,37.7771
11.44,39.4683
10.35,39.1506
-36.6,39.2849
22.37,40.1824
-27.82,39.7196
29.12,39.7305
28.99,40.183
29.59,38.3522
180.93,38.9689
48.24,39.5953
45.45,39.9532
-52.5,39.6926
52.7,40.2983
-33.64,37.7484
-46.16,35.1966
-4.82,34.8645
235.66,37.1954
91.17,37.2342
-45.25,37.0587
-33.85,35.6613
15.42,35.3666
-11.7,35.0128
-71.16,34.5618
-27.88,34.5481
-15.89,34.6661
72.18,34.6827
72.76,35.297
-35.54,35.2106
-21.09,34.4091
-27.86,33.6097
-3.85,33.8337
-46.5,32.7016
-27.04,32.5654
-30.44,32.1605
50.41,31.8893
-0.62,31.86
2.74,32.0098
98.95,32.5117
-27.91,31.5324
10.33,32.2527
-26.68,30.7898
-21.75,30.606
-15.52,29.9218
62.11,29.8335
-26.08,27.8679
62.39,27.6861
101.12,28.9571
-3.88,28.0552
-27.74,26.9078
19.97,26.5785
207.96,27.2524
-83.77,26.0913
50.32,26.5642
33.02,26.6077
4.77,26.4796
33.12,27.2145
-26.88,26.847
-26.73,26.2245
98.47,26.6572
21.17,26.8544
35.94,26.8176
2.24,26.2868
-32.25,25.8665
22.93,25.4199
35.67,25.1305
86.94,24.7717
101.36,25.7797
-32.94,25.6629
57.44,26.3062
-27.79,25.6089
102.99,26.0063
45.8,25.9102
-26.65,25.7691
210.98,25.0699
-27.57,22.6095
-15.2,21.9031
-65.44,20.7253
79.48,20.5246
64.65,21.4346
62.46,22.3354
48.16,21.9852
101.91,22.5833
99.08,23.8522
238.96,27.4547
54.4,28.1576
80.16,29.4564
52.29,27.6884
-40.59,26.9876
80.12,27.4067
7.35,26.9059
50.66,26.7673
-27.27,27.3735
-9.35,25.7139
-68.09,24.7445
75.92,25.0333
-0.19,25.2947
-9.93,25.4591
-40.76,24.5731
0.79,24.0636
55.34,23.4607
198,25.3263
34.69,25.5697
86.53,26.801
4.18,26.6191
-93.03,25.967
46.3,26.1388
-27.74,25.5715
61.44,25.89
2.33,24.104
22.86,23.8502
73.41,24.1298
2.06,24.6754
72.99,24.8783
41.12,25.6259
20.66,26.2941
39.45,26.7368
-4.84,24.3318
84.62,24.2663
58.73,25.3061
58.62,26.2308
25.35,26.3301
-25.72,26.1899
52.03,27.4218
53.38,28.2344
89.82,29.2915
46.72,29.0369
-53.44,27.7749
58.41,28.7144
232.66,31.2519
98.65,32.517
51.1,33.0665
38.07,33.9122
40.32,34.5858
12.86,35.0188
46.02,34.9749
43.24,35.4135
71,36.0961
27,35.3766
68.79,36.3436
249.7,38.7373
6.48,39.0689
-1.78,39.2686
34.16,39.7654
62.61,39.7704
39.49,40.4261
239.77,42.1999
66.08,41.8495
61.23,42.5006
50.92,43.2872
46.55,43.553
58.48,42.0582
-26.46,42.6313
52.2,42.6501
-21.18,42.1081
206.67,44.1271
61.5,44.4109
-0.24,44.6773
-79.9,44.1456
85.41,44.015
31.98,44.1231
-15.19,43.6118
78.02,44.3696
196.91,46.6612
54.66,46.9785
-31.48,46.307
32.49,45.7625
2.74,44.7763
53.33,45.639
-4.09,45.0237
172.48,47.0264
76.65,46.763
83.04,47.1354
63.51,48.037
192.64,47.8536
73.36,48.8629
253.75,51.5524
-5.52,52.1516
253.4,53.8908
51.36,53.7579
269.41,55.8274
205.55,57.4013
-47.31,55.9091
72.19,55.6402
30.48,53.5554
-85.21,52.1593
67.95,52.0372
65.26,52.1669
91.09,53.4837
-38.99,52.2926
71.31,52.9322
54.13,52.9669
5.57,53.2953
90.75,54.2963
108.03,56.0575
-28.39,55.0144
32.1,55.3373
74.79,56.1845
89.83,57.4904
42.5,57.9075
69.36,58.0477
90.83,56.976
44.98,57.0789
67.98,56.8934
26.49,57.1165
71.77,58.7645
263.4,60.9355
8.07,61.2936
31.11,60.9903
214.1,63.108
-29.88,62.5806
18.1,62.0275
86.25,62.8694
80.72,62.9467
138.37,63.9192
236.89,66.0815
30.29,65.9899
113.87,67.177
19.42,66.525
22.52,66.1629
83.54,66.4121
87.87,67.0373
51.37,67.8082
13.92,67.4271
67.53,67.5686
52.65,67.1969
75.37,67.4834
66.16,68.6794
74.95,68.8448
15.22,66.6704
115.48,66.8387
125.52,67.5829
97.71,68.1793
123.34,69.0095
62.51,69.506
112.01,70.1659
226.85,72.002
145.47,72.7467
77.51,73.2518
48.3,73.0469
-97.43,69.5756
246.11,71.9719
-3.41,71.9556
8.47,71.6987
104.17,72.1143
128.39,73.0033
52.76,71.1332
81.36,71.286
222.3,72.8967
-125.8,71.1295
198.22,72.6462
-7.05,71.9909
43.12,72.6867
273.68,74.9015
5.18,75.1651
180.16,74.9
-24.19,74.0431
18.58,74.2313
50.44,75.5347
207.97,76.7603
-9.23,76.3482
207.32,78.5733
212.54,79.9185
82.16,78.771
235.02,80.5746
93.32,81.8226
-6.37,81.434
40.03,81.8069
133.92,82.6128
-10.05,82.5532
-19.95,80.6289
-36.69,79.4955
110.44,79.7695
38.04,79.5148
35.3,77.9414
75.7,77.9648
65.2,76.0793
231.8,78.4525
220.32,78.1217
205.2,79.6601
165.59,78.6219
171.74,78.2838
84.85,79.6054
57.67,79.4602
-46.35,78.6919
-66.61,78.8779
233.61,80.5345
129.85,81.1804
68.1,80.9505
-180.02,79.5402
152.59,80.353
210.03,81.912
74.37,82.6
179.14,83.4839
78.67,83.1903
117.5,84.6492
46.85,84.7967
27.85,84.3273
-17.59,83.2531
61.5,83.4431
70.85,83.458
39.81,82.9478
-94.53,81.5527
54.6,81.4189
-49.09,80.6631
-37.73,79.5681
216.21,79.0962
28.55,79.301
69.24,79.6823
245.1,79.9923
57.46,80.8657
281.71,83.5018
-191.64,80.7229
76.11,80.6768
39.98,79.6929
16.3,77.487
75.85,77.9426
-129.65,75.5074
-76.34,74.5498
0.28,74.3274
34.05,73.8325
127.13,74.2251
36.99,74.0813
-60.31,73.339
43.65,73.1002
-56.12,72.0125
52.04,71.7792
242.09,73.5385
-27.02,72.5188
53.59,72.9025
71.37,72.4614
10.55,71.3117
43.42,70.7688
251.72,72.0526
100.86,72.4361
-57.57,70.7403
26.82,68.74
67.81,67.9634
-103.63,66.152
15.64,65.8254
-70.97,66.09
45.37,64.0826
53.91,64.6558
-26.64,64.3047
263.36,65.8966
76.09,65.3736
-5.92,64.7868
-71.26,63.2606
-42.93,60.6083
68.65,62.5528
-157.57,58.9949
108.1,60.1464
90.06,60.6158
-29.37,57.5853
41.02,57.9437
92.93,57.0714
66.68,57.9801
207.31,59.8674
39.23,59.7553
235.3,60.0286
122.81,61.349
-16.19,59.1139
77.52,57.7637
-35.67,56.5854
70.8,54.9432
55.31,54.5631
-123.82,53.3886
48.9,53.4773
79.95,52.9376
98.46,54.0227
80.42,55.0264
108.83,56.4816
238.33,57.7605
270.79,60.088
19.36,59.9286
16.09,59.3325
6.87,58.7492
60.78,57.039
31.85,55.1543
32.19,53.4242
62.93,52.3976
-16.79,50.5123
60.12,50.265
103.57,50.724
34.87,51.5362
224.98,54.4521
55.42,52.6702
81.61,52.1878
11.38,51.6206
55.5,53.9758
242.79,54.8778
-14.38,52.6337
148.97,53.3797
-7.86,51.5097
13.83,50.8613
252.9,52.2153
-27.65,51.4703
87.44,52.0662
23.87,52.4808
131.28,53.1786
90.3,53.3731
107.68,54.0518
260.81,57.6052
67.39,57.7331
-28.28,57.9412
70.83,59.0268
47.1,57.3357
197.11,59.0213
269.35,61.0224
146.33,60.0347
31.72,59.7773
-17.43,56.7859
228.56,60.9879
66.64,60.8932
203.84,62.5318
80.87,63.1775
0.16,62.4206
80.1,64.5181
90.61,66.1876
104.07,67.2255
-82.85,66.0565
-25.03,64.5349
-25.75,63.9075
256.64,67.077
101.16,67.6521
17.25,68.3858
59.66,68.462
160.74,67.6485
149.31,69.4118
9.61,68.972
70.29,68.9612
17.27,69.0284
97.78,69.572
154.85,68.6033
83.45,68.4292
-57.29,68.432
36.58,68.5296
-227.86,65.5729
-156.15,65.0477
-72.12,64.1701
60.86,65.4884
-61.42,64.4205
85.36,64.735
5.06,65.052
187.44,64.2928
253.94,66.0713
75.25,66.883
89.39,68.4895
230.83,71.2271
57.64,71.117
256.97,75.2624
136.32,75.5446
184.21,76.4861
32.78,77.1076
118.22,77.8796
15.87,77.109
15.64,76.5986
260.28,77.1283
47.26,77.2086
95.46,75.8102
-74.74,73.8347
73.07,74.7273
150.32,75.4553
84.04,76.6524
98.16,76.926
72.9,77.1019
196.44,80.3045
9.61,79.9116
-155.26,77.5595
127.47,77.8496
-105.12,75.9942
80.42,75.7101
-27.19,73.0549
-54.93,69.7977
70.12,70.3053
-18.08,69.9636
-177.24,68.1225
-214.07,65.374
-37.61,64.6794
49.13,64.8488
-156.96,62.6499
287.63,65.6941
167.47,66.7676
89.96,66.6315
73.71,67.0199
-29.18,64.4783
69.2,64.6161
143.22,65.2322
-49.98,64.6186
-118.49,62.8787
219.46,62.6454
-8.06,62.7086
-87.46,60.3443
120.54,61.6283
76.76,62.2576
22.83,59.9569
-21.91,60.0143
250.75,61.6474
223.06,63.6393
-155.13,60.7752
-118.23,58.6899
73.3,58.3461
-152.36,54.2144
200.3,55.5435
49.7,56.3233
103.19,56.6469
117.02,57.3461
46.44,55.8394
178,54.9259
-211.79,51.3447
-203.48,48.9927
-99.25,48.1745
237.48,48.2637
-94.05,46.6568
148.43,46.1027
-117.16,44.1224
-178.49,42.3359
-202.77,39.5072
195.36,40.5547
60.56,40.1196
188.12,42.8293
260.44,45.684
23.35,46.175
16.36,43.7722
141.29,44.1735
-186.73,42.1337
244.97,43.9868
220.11,44.5805
46.34,43.5508
54.26,43.9973
-64.87,42.6457
242.14,44.8944
12.54,44.042
-44.17,42.0518
69,41.9073
78.87,43.2689
40.46,43.3077
46.2,46.0483
-77.79,46.8319
178.62,49.3393
247.5,51.2057
-176.88,50.0511
207.78,51.2753
-73.38,50.4909
-70.41,47.9124
-75.94,44.6136
-16.32,43.6979
31.78,43.1218
-79.79,40.0156
267.52,42.1144
64.81,40.1928
-154.41,37.2855
188.15,37.3249
63.72,37.6343
135.87,37.8108
88.84,38.5405
83.78,39.2219
276.8,39.3871
-157.74,37.3371
-118.01,35.2024
74.28,36.6926
4.88,36.0107
82.59,35.3334
69.99,35.1929
68.79,34.8992
-100.42,33.166
83.17,32.0333
65.07,32.5879
231.81,36.4586
-158.42,33.5997
227.08,36.9217
-106.21,35.0554
4.47,35.372
231.96,38.2409
141.8,38.9577
193.24,41.0709
-10.31,42.7402
242.88,47.3097
218.83,49.8741
73.95,50.1223
66.35,52.3554
99.42,50.4733
210.86,50.9072
213.29,52.1405
74,52.1434
70.36,53.1388
-33.79,52.1089
-168.68,48.9899
-23.69,49.2528
-75.39,49.6838
61.42,48.1034
192.5,50.109
-150.97,49.4739
65.19,48.9204
-208.35,46.0693
238.63,48.2273
242.86,50.875
27.08,48.6383
-47.71,45.9306
-70.45,46.7774
75,48.7097
22.05,48.1972
-172.47,47.9961
79.94,46.7925
248.7,48.7825
-69.72,47.0534
-179.56,44.0876
226.09,45.8841
-141.15,42.6926
233.61,47.1466
151.81,50.6995
-94.75,50.7445
-129.2,47.0777
14.69,48.1651
-47.24,46.2084
-1.2,47.368
229.2,51.4449
-47.45,52.9981
229.04,53.3349
-13.36,52.5957
222.96,52.9441
97.08,51.3105
63.86,51.7156
98.08,52.5328
235.63,53.4762
-62.47,54.7188
-5.59,52.2132
-372.34,46.2887
137.62,47.2015
234.89,49.0078
210.13,51.7578
-29.63,49.0401
198.59,50.9006
-67.13,50.671
-30.97,49.6713
275.59,51.6385
82.35,52.0574
255.95,54.1549
53.03,55.4631
-70.9,52.9679
233.03,52.8232
285.82,57.4502
200.26,57.375
67.46,58.7834
-72.91,58.7584
42.94,59.9472
-87.06,59.2398
197.15,60.8935
65.77,62.3491
-55.61,59.1178
233.2,60.8017
236.16,64.7074
15.12,62.9771
74.56,63.0855
-82.12,60.9056
246.93,62.4865
278.45,64.4332
-92.44,60.7408
79.47,63.1129
-290.22,61.3908
59.45,61.2425
-615.5,55.0387
44.08,54.6536
10.68,54.0605
175.53,55.1279
62.87,56.7608
199.97,57.9288
80.44,58.0825
227.78,58.0422
194.02,61.5666
-219.47,57.1011
-291.92,55.244
-24.5,54.9543
-123.62,51.3985
-657.6,43.4045
-160.98,39.8623
-101.3,38.9524
199.67,38.5203
-251.87,33.8133
-37.07,32.7031
-149.98,30.5398
219.14,31.737
-162.2,28.0064
26.22,26.1357
201.68,27.4125
231.77,29.0266
234.73,31.7118
82.6,34.2246
241.09,36.8724
-43.74,37.1889
-141.78,35.1569
88.9,34.1209
-119.5,34.4356
-140.72,32.3765
-39.08,34.0692
-131.44,30.3685
-61.24,27.3275
11.34,27.1701
-193.95,25.7077
210.84,28.5206
-12.96,27.641
259.34,30.0139
-70.07,31.0379
48.98,30.7283
-66.8,27.5733
225.44,30.5249
217.5,34.4955
227.21,34.5067
12.87,36.0469
-278.36,30.9272
68.58,30.0949
85.3,31.8954
-348.4,29.7034
68.71,30.2436
-90.17,29.8143
24.2,30.0683
87.99,28.6562
23.7,29.3677
126.16,28.3389
-90.07,27.5718
87.19,26.2141
38.19,25.6252
236.09,27.3475
43.63,26.803
60.55,25.0522
-130.18,24.3751
-470.74,19.7236
72.24,24.1694
213.52,24.9284
231.5,24.8945
207.04,24.8636
60.66,25.7665
-471.84,19.0622
221.9,21.9525
152.02,23.7824
65.2,21.6785
-95.4,19.901
154.96,18.8911
-430.79,14.0529
264.83,17.4102
197.66,17.0565
238.89,16.5872
205.52,16.6398
-91.79,15.0473
143.03,17.2067
46.23,17.2396
-40.26,17.7076
-418.56,11.5505
-523.2,5.6608
-76.25,5.4544
225.71,5.3795
195.33,4.9712
197.16,6.7916
-25.45,5.7915
24.86,6.8613
183.21,6.2241
-39.99,3.0397
70.89,4.673
226.62,6.1445
150.48,10.5515
125.65,11.2135
-24.71,17.1214
268.73,19.3679
238.09,21.642
92.36,20.8103
55.57,20.7373
186.52,20.6028
-15.11,19.6473
-88.63,16.4832
-40.05,14.1425
112.7,17.4642
-94.26,19.4408
193.62,21.622
-44.53,22.4129
209.9,31.0879
-136.67,31.331
255.38,34.8978
-187.58,31.0253
143.13,34.9753
-65.44,34.6916
163.84,37.8298
249.62,38.1346
257.94,42.336
-50.41,41.5697
-60.8,38.9449
88.36,37.5108
-89.8,34.2655
90.31,34.3426
-37.87,31.553
-175.15,30.2389
-167.46,29.9821
-88.64,28.2067
-77.52,28.6265
-63.84,29.3953
-229.84,27.4877
223.94,31.0415
-37.84,31.2755
53.22,31.6943
-102.82,32.6056
-41.49,30.0823
-126.42,28.9477
217.44,28.5287
-155.88,27.6706
-182.68,25.354
70.35,26.7255
157.52,26.0463
-5.1,23.8203
209.47,23.6429
-47.37,23.0405
-15.86,25.6655
93.06,25.9103
-39.33,24.664
243.77,30.5857
217.58,32.0744
176.62,34.7423
229.7,36.7973
46.31,36.3805
208.21,38.2256
-85.97,36.1043
145.38,38.4588
-100.36,36.5833
-81.57,35.3857
-153.17,31.4931
-311.29,27.9439
248.97,29.8281
218.39,33.3138
-555.89,32.4623
241.94,34.1593
228.33,34.3074
-467.68,27.3156
-56.47,24.6805
-210.7,21.9669
151.69,28.2022
-37.5,25.6082
219.3,26.281
-108.81,24.5409
-325.8,22.2369
224.15,22.9288
206.94,29.3061
-26.67,26.3911
196.28,26.3773
-131.33,22.6751
11.85,20.7384
231.96,23.9759
242.63,24.9719
-107.77,23.4319
-120.75,22.627
-28.02,26.5324
117.54,32.9398
-107.8,32.6243
224.08,32.608
-198.12,28.6735
-152.45,25.1774
70.7,26.1389
199.66,27.8869
109.74,27.1522
-61.7,26.9351
-322.71,22.9991
236.75,23.1004
-85.35,20.7421
-236.36,17.122
-66.85,16.7006
-278.45,11.2288
265.42,11.5021
101.89,11.5974
-677.43,4.2674
86.94,3.2716
251.63,5.939
237.78,9.2031
-116.91,8.4345
196.96,9.2771
230.92,12.5289
37.2,10.9647
227.86,13.6886
-119.61,10.3935
-28.23,11.4779
246.63,11.3904
213.01,15.3963
270.5,16.67
-116.33,16.1611
10.33,14.626
86.41,12.9939
206.31,12.4776
239.84,15.3801
197.29,17.961
-73.97,16.3377
68.23,17.918
153.64,18.5513
213.04,21.0604
-107.87,21.7332
243.25,25.8403
209.74,28.8241
136.7,30.9663
-0.4,31.6007
-67.95,33.2196
162.41,32.6043
50.09,33.4836
267.31,35.6245
64.6,37.2987
-82.81,36.8855
203.79,40.1876
-857.91,29.4341
220.28,33.1957
-79.13,34.2312
-45.49,33.0728
6.26,31.5602
143.44,33.0456
247.43,33.4252
221.16,36.1105
57.98,36.8489
-91.6,35.0023
-90.17,34.4939
236.98,34.426
-55.74,31.6928
60.99,30.5365
-74.48,27.4947
225.8,29.2896
-153.52,25.6723
-98.78,25.5442
265.36,26.744
-101.85,26.7291
-107.13,26.4735
255.53,30.5605
263.31,36.3065
219.04,36.0072
7.35,33.8968
-38.53,39.0704
231.98,38.9708
-140.39,35.2836
227.36,42.234
-83.12,41.9675
186.78,45.9423
-72.42,43.7012
-116.94,42.9068
-74.63,39.9675
207.54,43.131
28.59,46.6749
-76.67,43.6667
92,42.5173
219.59,44.9799
216.84,45.1855
185.45,48.3533
-77.19,47.4629
213.6,47.2793
217.73,47.0303
58.03,48.6883
-36.49,49.5309
-50.34,49.3077
39.24,48.5247
-118.73,48.4154
276.31,48.9377
244.78,53.3667
-15.7,54.7342
-6.05,53.9667
235.07,54.3208
-87.25,52.3509
217.31,55.141
-40.23,57.9658
34.52,55.9435
43.91,57.2361
250.75,62.1072
233.99,65.1156
-281.78,65.0823
222.38,64.6519
-181.19,61.8211
-4.13,68.5541
-69.21,66.9926
198.98,66.4661
215.24,66.2407
211.24,69.5222
-239.62,65.1564
244.31,65.2903
-57.49,64.3434
-90.47,61.1601
-23.2,62.1242
241.49,64.8214
181.07,64.1658
268.6,64.7217
-163.23,60.3844
240.39,63.9516
282.36,66.6719
10.87,65.9165
247.56,66.329
256.98,66.5004
193.05,66.458
77.55,67.9732
-233.84,64.9525
240.77,65.8238
212.54,65.8188
-67.48,66.2227
-5.27,63.7375
272,64.3601
240.94,65.4025
146.11,66.8676
33.27,67.8798
220.52,68.4609
-54.42,67.4158
-45.87,64.284
48.04,64.1184
-0.21,64.9444
223.26,65.1391
198.39,75.7021
9.67,73.596
72.36,75.1109
144.6,77.0118
190.73,78.8565
23.51,77.6572
20.3,75.3859
-27.21,72.9022
-39.56,71.9268
-107.18,71.771
-0.84,72.6643
14.05,70.435
190.63,72.8987
-5.67,72.2321
-16.76,72.8093
-12.31,70.4282
226.08,74.2242
-5.85,75.1535
-444.76,68.0523
-87.91,68.1917
295.19,72.2149
238.2,72.0416
-38.47,69.0238
17.14,67.0048
230.21,69.2334
-255.45,67.0642
-1481.92,49.9252
-52.45,50.8046
-14.51,48.3859
198.23,51.1994
18.08,49.5124
34.03,50.5769
-47.35,51.2728
6.5,52.0841
218.27,52.1914
13.2,52.0375
46.54,53.2696
-16.27,52.1869
-25.94,49.7316
9.31,47.6563
-7.06,45.7312
256.46,49.0677
35.65,47.2882
205.78,47.1687
24.03,46.8287
245.83,49.6519
-127.7,48.8783
195.81,50.444
207.57,53.707
37.14,51.3153
-121.59,47.6516
-64.06,47.168
-218.06,45.0479
18.21,42.8793
-32.24,43.4294
241.63,43.6726
224.99,46.3248
-30.97,45.6699
20.43,45.4351
-49.1,42.4366
-100.36,39.0931
-254.95,39.3614
-0.12,37.1364
168.69,40.6352
-0.73,40.6692
-82.77,40.5336
-406.2,34.4818
21.56,32.545
21.05,30.6431
206.62,35.1055
222.43,34.8867
-143.61,34.0255
-51.03,34.4199
-46.28,34.1891
-161.28,30.1614
-276.03,25.5904
-43.67,22.4677
264.84,26.7484
223.16,26.5761
-188.62,21.8663
-17.09,21.5867
238.94,21.5005
-563.33,13.2974
30.66,11.6735
193.9,12.837
-44.58,14.7296
156.39,13.8858
107.99,12.8403
241.38,15.9289
-38.75,15.5941
-182.94,11.0447
29.02,8.9255
259.68,10.0612
252.35,12.252
264.82,12.695
-85.16,12.3876
103.17,13.878
248.45,15.8821
212.17,18.0059
19.13,15.9646
268.8,16.6687
-9.16,16.4804
76.82,16.525
72,15.799
25.61,14.1478
156.5,15.4777
239.74,17.6721
94.86,18.8928
232.64,21.6148
-49.98,22.1868
-1.57,22.1795
-47.12,21.5678
272.94,22.3909
207.72,24.5248
-32.17,24.3707
229.79,26.7917
-98.78,23.5431
58.24,24.184
-41.75,28.2141
72.09,29.8141
194.44,28.8066
74.23,27.1669
17.6,27.7276
237.94,29.9356
216.4,29.7975
249.58,34.8478
217.69,51.8439
243.4,54.8024
92.21,55.8696
-855.28,45.3345
39.57,45.5494
-169.33,43.5158
-112.13,42.868
83.2,43.635
220.01,43.6524
-14.58,43.3746
-85.16,42.0576
-68.44,41.5359
-705.76,34.7377
217.38,36.8184
74.76,37.6366
231.57,37.3877
242.45,39.4557
113.42,38.5321
219.72,40.489
199.1,40.0217
-60.37,40.695
119.46,39.9315
79.48,38.6506
133.74,39.6166
238.09,43.2134
237.53,46.2293
-69.86,47.7113
190.37,49.4329
56.02,50.3155
81.88,48.718
-50.83,45.9598
213.76,48.4071
-77.11,47.4317
58.12,48.5039
150.74,51.0149
5.26,53.617
48.93,54.1075
78.67,53.2073
241.76,55.6322
23.13,56.6912
107.06,61.8238
15.45,61.7627
-175.22,59.8
30.44,58.0382
-7.49,55.739
73.52,57.9103
76.72,59.1878
64.51,60.2957
-269.23,59.2162
-1266.31,49.3134
-411.94,45.6307
239.45,45.3768
-159.74,41.5478
232.85,45.7625
218.15,48.1149
238.38,48.1093
58.26,54.3252
219.01,56.2087
245.11,56.7208
-41.78,56.7488
212.72,57.3121
221.69,58.4491
79.22,56.8275
-80.97,56.4053
175.22,59.9869
-43.19,59.2648
196.76,58.6356
224.31,58.3552
74.84,56.4554
-53.63,56.7707
-86.88,54.8702
204.16,54.4273
-588.74,46.4182
-63.03,45.5966
236.25,45.2711
164.36,47.0063
-135.07,44.8874
23.09,44.3983
-75.11,43.3911
-93.61,40.89
-125.91,37.2335
208.19,38.3668
-115.67,34.8837
67.68,36.0603
93.55,37.0115
51.23,37.995
14.78,35.4134
-76.87,32.5675
48.17,33.3709
-22.24,30.8506
-79.45,31.0439
224.16,32.7031
245.82,35.5788
234.08,37.1987
247.02,37.7245
0.83,36.9905
17.47,36.9892
83.42,35.444
227.3,35.553
102.32,34.0804
73.73,32.6408
-32.57,29.8811
268.65,31.6455
244.56,42.6439
-14.61,42.1021
203.11,45.8265
-6.75,46.8803
-91.48,45.1335
74.84,43.6818
-49.79,43.3297
30.51,44.4864
206.59,47.2367
49.95,54.7938
228.41,54.9041
9.57,54.2522
2.37,51.9602
240.92,51.9449
193.84,52.7491
79.32,51.3451
27.04,49.6245
175.36,51.9818
79.21,51.5793
248.34,53.2679
-24.15,51.689
154.57,50.8538
106.11,49.5396
225.93,52.4975
-21.06,50.3832
6.24,49.8854
208.63,51.1529
177.46,53.4358
227.97,53.5779
-13.84,54.2106
-12.56,53.5038
92.91,52.9255
-1.73,52.8556
-35.02,52.0161
223.27,53.4621
203.67,53.0812
277.2,55.6219
79.05,55.3418
79.34,55.9807
196.43,59.6972
15.2,59.5448
228.91,61.9088
69.49,61.8685
237.83,63.4796
-34,62.4945
14.61,65.3329
20.71,78.2031
244.79,84.7704
-26.21,82.1138
-6.98,83.6414
-27.36,81.0393
-26.23,78.5955
-27.4,75.9377
35.15,75.7066
-26.46,73.2519
22.15,71.0223
-26.23,71.1778
-26.35,68.7871
-27.73,66.2929
-1.86,65.4821
-26.43,66.0275
-26.22,64.0131
-26.36,64.1814
30.92,62.523
-26.17,60.0182
-27.83,58.9915
-26.15,59.2663
-26.44,59.8707
-26.82,57.5609
-26.6,63.1823
-26.87,63.5439
-27.41,60.9073
26.53,59.529
-26.29,60.6168
-26.55,60.1204
-26.58,60.6057
-26.43,61.2775
-9.38,62.4428
-28.07,60.0802
-26.67,60.9702
-26.38,60.0296
8.79,59.182
-26.29,58.4068
-26.23,57.9967
47.53,59.2407
-26.39,58.4951
-26.82,58.4493
32.43,59.5681
41.86,57.7451
-25.83,55.0286
-26.88,52.419
-27.74,49.6714
-26.42,49.3989
-26.09,48.9633
-25.97,47.8694
-26.56,45.3308
-19.81,44.1095
-26.26,43.1096
-26.65,43.1688
-27.75,40.2048
-27.08,37.4884
-26.34,37.3711
-2.58,35.3142
60.03,35.982
31.81,37.2149
-27.93,36.1872
-26.19,36.4232
-13.43,35.9838
-27.46,33.6433
-27.61,32.8677
60.06,31.1842
-27.58,30.8127
-25.99,30.5291
22.49,28.3448
-5.96,26.3468
-26.56,25.288
-26.78,24.7498
-27.05,22.7257
-27.9,21.6546
34.13,19.5125
11.14,19.8654
-26.97,18.05
-27.22,16.7167
-28.22,14.1752
10.57,14.4915
17.87,14.6078
-26.98,12.2517
-26.43,10.2128
-27.85,7.6546
59.79,8.3909
45.29,8.9694
-27.45,7.7658
-26.8,7.5151
-26.8,7.5973
-27.75,5.0871
-26.53,2.7851
-26.29,-0.2498
-26.1,-1.3013
-27.13,-2.366
76.82,-3.5621
-28.07,-3.9948
-27.42,-6.5581
-26.76,-7.5206
-26.78,-10.1667
5.99,-9.7668
-26.19,-10.1748
-28.01,-10.662
-26.27,-13.3726
-26.98,-13.3803
-26.82,-13.5787
-26.66,-13.5717
0.79,-13.3015
-15.8,-13.1855
1.46,-13.5224
-66.74,-13.9252
10.28,-14.0439
13.61,-13.6455
-210.86,-15.4906
65.38,-14.5595
9.05,-14.4504
47.29,-13.7132
-21.3,-13.664
-13.71,-13.5375
91.75,-12.9292
-9.21,-12.7596
32.91,-12.1522
29.21,-11.5986
-13.22,-11.4664
27.46,-10.9236
12.38,-10.5338
-5.44,-10.3195
20.48,-9.8406
3.47,-10.0712
19.9,-9.6093
17.29,-9.1709
-163.81,-10.5432
30.82,-9.9707
-15.77,-10.0346
-27.17,-10.0256
-35.11,-10.11
50.61,-9.3401
-27.8,-9.706
-0.78,-9.4509
103.21,-8.1565
-66.05,-9.2923
60.21,-8.4263
-3.23,-8.1904
2.02,-8.4945
-31.41,-9.2272
43.04,-8.5385
26.18,-8.0079
62.12,-7.1093
-165.58,-8.5009
-66.91,-8.9091
54.75,-8.1019
48.31,-7.3532
2.34,-7.1317
-39.69,-7.266
-295.92,-9.9587
30.42,-9.377
14.71,-8.9591
8.85,-8.6072
58.33,-7.9981
-21.36,-8.812
-24.41,-9.3742
-2.05,-9.1154
11.92,-8.7343
22.42,-8.3758
41.44,-7.6868
37.76,-7.0331
48.43,-7.1494
213.48,-4.7388
212.36,-2.3553
-38.72,-2.9674
-79.01,-3.6979
50.05,-2.9318
-27.88,-2.9428
-27.59,-2.9482
-27.78,-2.947
-26.52,-3.5535
12.51,-3.5398
-26.16,-3.5317
69.54,-2.5641
-28,-2.5619
-27.65,-2.9441
-18.7,-3.3098
-26.31,-3.3031
-26.11,-3.2999
-26.11,-3.2825
-27.54,-4.1558
-26.41,-4.8728
-26.41,-4.8624
-26.05,-4.8549
-26.93,-4.8562
-26.52,-4.8439
14.07,-4.4379
-26.17,-4.4367
-26.05,-4.4362
-26.46,-4.4295
-26.01,-5.4578
-13.64,-5.3135
-26.66,-5.3059
31.27,-4.7256
-26.2,-4.7198
-26.7,-5.0467
-26.17,-5.0465
-25.95,-5.0259
41.7,-4.3462
-27.38,-4.3502
-26.52,-4.3472
-26.14,-4.342
50.54,-3.8445
-26.3,-3.9495
-26.3,-4.2271
-26.03,-3.82
32.93,-3.5935
-26.47,-3.9943
-58.24,-2.4681
-27.06,-3.3925
-26.57,-3.7487
-26.14,-4.483
-26.79,-4.5379
-26.61,-4.6669
-26.42,-5.8486
-27.62,-6.0327
-26.13,-6.6231
-15.03,-7.0655
-26.75,-7.2008
6.64,-7.409
-26.29,-7.7957
-26.07,-8.002
-26.83,-8.4751
-26.03,-8.7701
36.41,-8.605
-35.54,-9.1333
-27.41,-7.7693
-26.4,-8.3415
-26.43,-8.4481
4.01,-8.1363
-26.14,-8.0466
23.89,-8.3138
36.3,-7.6728
-72.32,-8.3882
-10.2,-9.5223
211.88,-6.743
-7.5,-7.4201
-68.94,-8.0772
47.64,-7.621
87.7,-6.4299
-94.59,-7.8062
160.34,-6.4646
28.47,-6.8011
-73.05,-5.8758
-4.32,-5.2499
23.7,-5.5604
244.93,-3.5942
-13.9,-3.7566
-112.81,-4.4878
-51.49,-2.0435
-36.15,-2.7092
20.31,-2.6532
-26.44,-3.0061
-203.33,-5.6227
64.33,-4.7658
-11.43,-4.636
127.11,-3.3444
-0.53,-3.4689
-137.89,-5.072
-62.55,-6.1119
-0.02,-6.4897
-190.13,-8.8753
-63.34,-11.6435
-93.89,-14.706
-107.63,-15.3951
47.34,-14.1316
-76.24,-15.3945
-63.09,-15.7466
151.83,-13.9524
-19.08,-13.8654
-88.69,-14.4871
-114.59,-15.7581
-213.35,-17.63
12.52,-18.2002
-210.8,-20.0282
48.58,-19.2659
30.61,-18.7728
-109.99,-19.6096
-43.18,-19.7803
16.63,-19.3529
68.53,-18.3922
-115.72,-19.2853
-76.05,-19.7817
-26.66,-19.7878
-25.96,-19.7781
-100.43,-20.5172
31.49,-20.343
-135.11,-21.4324
-72.04,-21.8923
246.41,-19.1636
232.56,-16.5779
254.69,-13.8946
-47.31,-14.1011
8.72,-14.3266
22.43,-13.8403
85.61,-12.7172
230.32,-10.1523
-115.76,-11.0504
217.72,-9.2902
-94.2,-9.9584
11.97,-9.5735
-61.43,-9.9264
-191.8,-12.3498
77.96,-11.3072
89.49,-10.1493
-0.02,-9.8892
-90.29,-11.1214
217.95,-8.6772
-13.3,-8.2278
108.44,-6.8728
40.64,-6.2007
-1.11,-5.9504
10.31,-5.5794
-119.96,-6.5129
-54.41,-6.7928
6.54,-6.4512
79.09,-5.399
29.85,-4.9502
11.71,-4.5656
134.1,-3.291
22,-2.8081
62.91,-1.9183
-131.23,-2.9623
-94.8,-3.65
79.79,-3.2162
-7.85,-2.9393
-83.07,-3.4959
-24.3,-3.4749
70.18,-2.5088
58.14,-1.9675
85.64,-0.8497
-27.67,-1.3653
266.91,0.9408
-48.92,1.1748
238.58,3.6626
-32.28,1.221
-60.34,0.6926
-205.55,-0.6735
25.46,-0.8953
-64.22,-2.4145
-99.32,-2.4618
-7.74,-4.1426
-56.02,-4.9875
-48.16,-4.7386
65.89,-4.0365
-44,-4.7135
-102.14,-8.1842
9.02,-7.955
-121.56,-8.0425
-84.48,-8.3724
238.5,-5.6259
5.31,-5.7759
-174.06,-7.2521
195.03,-3.2685
-38.6,-4.2978
-84.42,-5.0277
9.53,-6.2035
-86.68,-7.065
-127.15,-6.9576
87.57,-5.4564
-26.29,-5.7191
-42.23,-4.2401
84.21,-2.7646
-37.43,-2.2
3.49,-1.0888
69.37,-0.8685
46.97,0.3636
-26.44,0.7301
-27.42,-1.0624
78.25,-0.0891
-61.05,0.1873
64.31,1.9763
-19.03,3.9195
-26.31,3.5312
-51.41,5.1251
10.83,4.7476
17.37,4.6152
-27.27,5.4424
-50.05,5.3737
-72.36,4.4838
55.4,4.3525
85.52,6.3649
-130.95,5.8159
-27.04,5.8121
47.34,6.5451
-26.21,7.2873
-37.03,6.6021
67.4,8.6272
-128.79,8.0597
77.53,6.3709
-106.59,2.9794
-86.4,-0.4315
-32.91,-0.2875
-106.72,-1.4419
-35.81,-2.0243
36.31,-2.5173
66.37,-4.1568
27.71,-2.7221
-26.79,-5.1672
-44.19,-4.6671
3.85,-4.7483
61.09,-3.5231
-79.58,-2.4009
-44.82,-3.6287
-53.86,-5.0622
-54.71,-5.6091
-87.52,-5.5814
-52.52,-8.2861
110.5,-7.0481
-11.36,-8.2461
-161.1,-10.2635
14.92,-10.1032
144.55,-8.7608
-38.79,-7.9491
78.88,-6.6162
-27.11,-6.9527
-50.73,-8.2509
-26.8,-8.8174
116.41,-7.7704
-27.13,-9.3827
-27.73,-9.88
-27.9,-10.7881
-40.6,-9.8818
-199.49,-10.9287
-142.56,-13.1522
-55.6,-13.6297
-9.2,-12.891
-5.3,-12.701
5.36,-13.3492
-33.53,-14.2659
-32.42,-15.4465
-4.9,-15.2188
6.89,-17.819
-160.52,-18.935
17.36,-21.1472
3.95,-20.7849
198.01,-18.2014
52.02,-15.6257
44.68,-15.4335
-40.03,-15.1916
-26.79,-14.4663
-10.26,-14.4915
-26.46,-14.1959
-61.82,-14.3325
-26.96,-15.261
24.85,-14.5725
2.99,-13.5212
43.61,-13.1753
-40.59,-12.3656
-72.25,-12.2433
-133.12,-15.9595
-40.28,-16.4154
84.9,-13.8258
38.99,-15.3862
-27.34,-15.2736
68.87,-13.7407
-27.23,-14.1083
-44.44,-13.6859
-3.72,-12.4516
-0.97,-13.337
-72.78,-13.8019
14.38,-13.2358
14.31,-13.9348
-28.02,-13.8407
40.08,-13.4748
-123.68,-15.4053
-21.49,-16.0899
176.81,-14.0574
79.57,-12.9875
-28.05,-14.0505
25.86,-13.1814
0.29,-13.8216
-26.11,-13.8924
65.55,-12.9738
29.93,-12.1604
38.47,-11.884
-27.49,-12.3326
51.1,-11.5489
26.53,-10.7831
-115.6,-11.2155
-34.46,-12.1141
-7.99,-13.0492
72.62,-11.0135
-62.22,-11.3653
3.68,-11.8019
-36.37,-11.9035
-4.84,-11.5816
-65.91,-12.9147
25.67,-11.3701
-29.39,-12.4393
-26.32,-11.6366
-50.87,-11.2813
20.46,-10.7476
-26.45,-9.9449
10.15,-9.4853
-36.81,-10.2165
-17.04,-11.0506
185.23,-9.4754
47.32,-8.7343
-26.68,-8.5592
150.31,-7.0946
-54.41,-8.2496
54.65,-6.9073
-84.35,-7.3026
135.74,-5.4066
189.53,-2.9642
-197.22,-4.0612
-48.11,-4.0171
-59.71,-5.7192
72.59,-4.8797
35.99,-2.9088
83.08,-2.2272
26.35,-3.4092
-57.11,-3.5924
116.44,-3.2168
-7.18,-3.0175
-89.48,-3.405
113.92,-1.9978
-25.99,-3.4218
70.01,-2.4504
43.7,-1.7361
7.78,-1.3793
29.08,-0.6825
196.83,3.2807
-130.56,3.4007
-9.1,3.8657
-6.15,3.8962
59.56,4.5448
-24.54,4.2458
-33.96,4.2415
57.22,5.1379
-78.04,4.4065
67.58,5.0134
25.3,6.8716
72.99,7.4279
95.19,8.3403
34.28,6.703
-22.93,5.9535
-26.08,5.2459
30.49,5.9511
74.12,6.9602
15.62,7.219
28.16,7.7652
216.96,10.553
73.43,11.5569
7.59,11.3843
90.99,12.2643
31.49,12.1431
52.93,13.0783
36.44,14.1652
-63.45,14.8619
-51.18,14.7529
-133.46,12.5693
6.33,12.2427
3.49,12.551
261.47,14.477
-41.42,14.3351
139.73,16.1768
-76.05,15.4535
-67.82,14.785
7.75,15.5903
-124.2,14.2045
66.29,14.7243
-42.39,14.5806
93.84,15.1182
9.09,16.4459
252.1,19.1818
-65.79,16.7558
216.28,18.1229
148.25,19.8859
-58.61,19.0412
62.17,19.66
-126.62,18.6549
79.62,18.7956
237.96,20.8759
-69.41,19.7971
-7.17,20.0003
-23.58,19.2535
-40.64,18.5818
239.12,22.129
207.03,24.5439
26.58,24.8896
-112.64,23.037
-41.95,23.2397
-9.23,23.1106
-84.33,22.631
-30.48,22.3746
60.99,23.6436
81.63,24.2032
-64.12,23.8559
-108.01,23.039
-26.87,23.279
95.02,24.0246
-100.35,23.2856
-47.48,22.7093
135.65,24.4339
-54.63,24.058
242.54,24.6311
56.97,24.7276
75.38,25.7482
-65.48,23.5903
138,25.5144
-16.12,24.8067
87.8,26.5282
-174.38,23.427
-76.08,20.7709
245.57,25.1988
22.7,25.9069
13.1,26.635
193.87,27.8478
210.76,29.5955
92.71,29.6918
-85.85,28.5698
59.25,29.7334
-55.96,28.0094
107.73,29.1585
-14.12,29.9121
49.43,29.2672
-172.38,27.8033
148.46,28.5878
96.98,29.1206
-2.79,29.0149
14.84,28.8725
220.11,29.1053
-151.87,28.8922
-26.76,28.7156
-162,27.1571
262.05,29.182
-114.45,28.2829
60.14,29.2239
30.97,28.9614
-207.26,27.6692
82.11,27.8145
-142.13,26.1402
92.83,26.3386
3.6,25.4227
-151.64,23.5635
-257.78,21.215
231.86,23.7944
172.43,25.2138
-118.97,23.2829
60.29,23.7296
-115.91,22.2889
25.65,20.3758
65.93,20.3008
-148.32,18.7417
-172.94,16.1024
-27.1,15.5165
-75.35,14.2337
-145.29,12.4164
224.05,15.2914
-155.44,14.2488
-179.55,13.7879
-188.03,11.8443
-104.44,10.765
78.58,8.9361
-27.95,9.0708
6.68,7.7403
-26.42,8.2366
44.12,9.356
-151.46,7.7639
-270.23,6.3036
96.79,6.6086
-104.75,5.985
99.06,6.0372
-33.54,5.6109
43,3.5199
57.12,4.749
-27.66,2.3096
-114.73,-0.3202
-176.05,-1.4946
5.16,-2.0647
231.71,1.5186
-2.82,0.6942
-177.68,-3.4622
-166.28,-4.4309
235.75,-2.0017
109.52,-0.6707
-168.65,-1.9508
-83.76,-5.1796
68.11,-6.5688
-42.86,-7.2632
-107.33,-7.2101
-105.86,-7.8492
-71.73,-8.4742
40.09,-7.23
110.64,-5.8188
22.39,-6.2048
59.52,-6.4259
73.72,-5.0475
0.53,-3.9621
69.35,-2.9999
33.77,-3.6124
-115.75,-3.7664
28.75,-3.0041
-75.65,-5.1171
127.17,-3.2991
-5.12,-5.7757
54.47,-5.8007
32,-6.2345
-5.74,-5.6371
-37.43,-7.3914
-10.51,-7.3353
-11.54,-8.3287
61.98,-5.9651
81.02,-4.3941
19.66,-6.6532
-20.15,-7.0817
53,-6.6827
123.55,-7.3859
58.33,-8.9102
-54.08,-10.3781
49.86,-9.021
29.95,-9.314
60.19,-8.1525
32.99,-8.8999
134.21,-7.4166
107.68,-6.8341
-6.51,-5.1754
-27.55,-6.9355
101.52,-6.8901
60.51,-6.2571
-26.41,-6.6696
-28.89,-9.1596
54.09,-7.1
35.56,-6.4768
166.74,-3.1894
47.61,-5.3338
-51.92,-4.7085
-82.28,-6.1327
40.37,-6.0387
45.56,-3.5105
33.01,-4.0015
108.78,-1.4924
33.92,-2.0815
-16.7,-2.2845
-32.67,-1.0948
77.98,2.2628
61.34,0.5576
25.88,-0.9079
-44.77,-0.1659
56.46,-0.2042
-88.29,0.072
33.34,0.1489
-144.33,-1.9537
89.28,0.4223
-232.85,-0.1768
34.27,0.4369
-0.68,1.1836
-34.6,2.2905
18.23,0.2323
42.49,2.2116
71.16,4.7187
-14.89,6.4501
121.67,8.7112
-108.29,6.8425
-78.95,6.3325
41.97,6.6854
-25.33,6.6963
-11.38,6.1413
-15.04,7.5055
51.47,10.7225
131.07,11.0653
-28,11.8328
32.76,11.1698
-47.5,11.0302
-8.51,10.5151
50.29,10.4468
-55.63,10.1671
48.57,11.8001
228.71,15.8477
34.01,16.1362
17.35,13.9926
180.21,15.8229
-39.84,17.2013
78.52,19.6493
33.91,17.6309
29.48,16.8305
-57.85,17.9385
132.27,20.0988
45.92,19.8769
2.96,20.3351
6.9,21.4774
133.19,23.8679
73.91,25.3243
124.27,26.1661
20.79,25.2676
19.8,25.2417
62.62,25.2727
14.55,24.681
26.76,24.9433
60.38,24.8536
15.92,24.6751
48.09,26.3135
26.35,26.2895
197.8,29.024
-31.48,27.4375
-32.38,27.1649
38.1,27.0012
152.07,28.2019
31.01,28.5694
217.8,31.1217
33.66,31.5634
40.64,32.0852
49.69,31.9623
60.05,31.7526
0.81,31.5641
-27.2,31.4936
4.6,31.0096
61.15,30.3856
-26.37,29.5386
50.92,30.5886
158.64,31.6764
29.23,31.6692
44.2,31.5093
-40.79,30.7715
48.22,29.9116
39.96,29.2344
-21.3,29.0865
43.52,29.7972
-27.45,28.5075
62.17,28.5241
222.57,31.0139
14.08,31.4436
36.45,31.2672
40.17,31.3133
19.78,29.8437
-4,29.3276
56.85,30.4153
-30.16,30.9365
12.22,30.655
3.29,30.2323
28.28,30.185
42.42,29.5214
17.72,29.3594
-0.03,29.5261
27.58,30.1286
-78.17,28.5671
31.11,28.2648
45.48,28.4608
183.61,30.7446
53.52,30.7152
211.93,33.7174
24.03,33.6243
39.5,35.4626
54.86,35.1184
17.77,37.6246
4.85,37.3304
49.67,37.8339
9.01,38.27
33.1,38.4187
-20.36,37.7902
-29.85,36.7801
-6.07,36.8683
74,36.3916
11.98,37.5943
50.86,38.8924
14.83,38.621
-27.88,38.5955
212.84,40.8377
65.3,41.6411
252.6,43.6524
-12.87,42.213
60.71,43.1001
183.91,44.6116
175.7,46.8436
-23.29,46.6958
31.26,46.5055
221.61,49.2779
-18.01,48.6121
42.55,46.7505
-4.83,46.3621
6.49,46.2535
27.5,44.7264
216.69,47.2917
11.06,46.6171
24.55,46.5235
-120.99,45.0188
95.9,46.5563
80.34,46.037
171.17,47.2895
66.52,47.9251
40.19,48.258
61.98,47.5459
19.99,47.0067
175.5,47.519
121.89,48.53
-7.86,48.2534
-91.46,46.7126
150.93,48.0764
37.91,48.1879
-94.42,46.6399
-103,45.4507
-38.62,44.5836
51.64,44.8365
167.24,44.5309
-11.1,44.7347
24.43,45.3028
-33.57,44.5861
-91.25,42.1529
15.34,41.9962
11.84,39.9366
40.93,40.0093
44.18,40.0447
-122.5,38.3228
39.05,38.1128
114.44,39.2491
107.71,40.5982
24.6,40.7982
9.89,40.2856
-77.5,39.7743
12.12,39.3863
-5.88,37.7411
204.84,39.4972
17.85,39.2337
10.49,39.7465
-66.54,38.5989
49.7,38.6963
-89.62,38.0131
41.55,37.9934
17.08,38.4387
200.18,39.8188
-203.69,35.5562
25.57,35.6711
-61.84,34.6882
173.57,36.0222
190.82,37.7326
55.36,38.3262
37.95,38.1372
25.73,38.6961
236.48,40.9387
45.15,41.3573
-6.09,41.0136
57.49,41.1643
42.02,41.4073
-11.99,41.2877
-70.06,40.3113
-45.1,40.642
183.07,42.1616
93.45,42.6413
-11.38,40.6914
-99.36,39.1626
223.19,39.2752
219.13,41.2262
72.89,41.5601
32.79,41.3394
-16.67,40.995
13.7,41.0835
228.99,42.8767
69.4,43.4806
-97.54,42.1742
41.29,42.7907
275.44,45.8436
-41.23,45.492
89.36,45.6456
98.28,46.5086
-58.14,45.4186
90.75,46.1778
-213.7,44.3196
108.59,43.2771
30.72,42.9313
38.88,40.7941
191.92,42.842
15.35,42.3884
107.37,41.623
185.69,41.7229
-127.2,40.6838
10.99,40.4811
-33.75,37.9275
-58.26,37.525
-69.97,36.3998
60.61,37.0542
-19.81,36.7912
61.17,37.1279
37.29,35.3339
64.4,35.8673
186.67,37.4885
71.7,39.4154
-54.73,37.9091
-44.96,36.6561
157.85,36.5229
104.99,36.9076
-8.7,36.4187
127.09,37.0698
-28.29,36.587
97.14,35.8034
-16,34.4245
65.19,35.155
-103.92,35.0304
-61.29,32.9082
115.04,33.6795
195.12,36.5749
134.1,38.9459
238.54,41.7175
104.7,42.2481
-26.81,40.3076
186,42.2786
36.83,42.4026
55.43,43.2926
106.04,45.2655
-110.11,44.011
162.86,45.5212
97.29,46.0848
61.05,46.2535
-11.65,47.362
20.17,47.1732
201.17,48.0405
-0.59,46.9575
128.2,47.9935
157.03,49.4649
71.66,50.9565
2.7,50.8623
27.8,51.1991
69.88,49.8495
136.52,51.0362
43.37,51.365
18.96,52.22
51.81,52.2411
125.76,54.3949
31.17,54.2911
3.92,54.1595
-44.07,51.717
133.7,55.0909
-13.19,54.7033
25.38,55.5755
86.68,54.7066
-6.45,52.7339
83.74,53.0177
48.67,53.1249
30.84,53.176
244.79,53.2591
225.46,55.0622
117.32,56.2963
54.31,56.2645
123.93,57.0836
-34.2,56.8615
52.52,58.0873
-52.55,58.0128
143.84,57.6205
7.93,56.7653
90.14,57.7805
-61.39,58.1602
35.66,56.2849
-54.02,53.5534
78.31,53.6076
28.07,53.5604
-132.8,52.3991
200.28,54.2649
93.79,52.9129
199.52,54.2141
29.83,55.4878
231.31,57.388
48.17,55.1153
-1.65,55.5111
265.29,57.2704
126.41,57.5517
17.66,58.3097
12.73,57.5295
237.04,62.0369
-24.24,60.7086
32.56,60.727
-15.99,60.1783
-32.87,57.9304
19.94,57.9763
17.48,57.0774
56.68,55.7873
22.86,57.2879
255.03,59.7283
113.52,61.201
41.32,62.1968
76.42,63.6607
-10.15,62.9531
56.81,63.7193
79.2,63.8996
-33.52,63.1915
21.78,62.7653
42.11,61.3197
85.03,61.453
-85.57,61.1446
37.24,61.9666
2.38,60.4119
10.83,59.4703
58.99,60.1472
105.27,59.929
-14.5,60.0669
15.37,59.2492
-16.33,59.2459
6.5,58.659
-80.36,58.8946
25.98,59.7673
220.36,60.8205
102.39,59.8932
155.78,60.11
43.43,58.1589
4.41,57.156
30.21,57.7262
5.21,55.9183
3.69,55.5869
173,56.7626
-34.75,55.3547
-24.71,56.2087
54.41,55.1242
35,54.5013
-2.36,53.8672
54.07,54.5244
8.93,54.412
-0.46,52.3957
41.68,52.8184
24.09,51.7773
68.84,50.8954
-3.37,50.1451
49.62,50.6143
-34.65,49.9898
-83.75,48.4535
38.73,47.4756
-35.9,46.6829
-51.1,45.9823
-49.4,44.9702
-29.29,43.4197
239.36,45.5016
159.86,47.061
20.72,47.7089
-65.44,45.7175
-27.6,45.5734
22.26,45.5422
24.63,44.9217
274.56,47.7318
199.03,48.8847
289.23,51.2903
105.61,52.038
-16.2,49.4281
68.99,47.8634
102.24,47.7126
131,48.4795
37.71,47.6173
90.09,48.8602
-83.82,47.4968
-46.28,47.5595
-18.49,45.9362
101.94,46.8763
91.61,46.891
131.56,48.8205
198.48,50.4487
69.3,51.6819
145.36,52.3524
252.25,54.5942
41.14,56.3336
0.32,54.334
-3.27,53.3634
-18.61,51.1821
-27.15,50.6123
33.14,48.6306
45.36,48.6025
38.29,49.0019
75.72,47.1062
-6.63,45.7758
17.68,45.776
110.16,46.7503
44.57,44.8256
-8.61,44.9819
14.68,44.8031
20.6,45.169
104.58,46.5435
-22.23,46.1218
126.13,47.2083
7.62,46.7177
119.17,47.6808
-13.4,44.9965
-115.5,42.7063
-12.53,42.1678
6.44,41.468
90.44,42.4739
260.73,44.5131
-57.15,43.1496
68.93,44.1741
-328.96,40.6667
-75.03,39.4953
218.09,40.8259
42.06,42.1022
-9.92,41.6306
-31.66,41.2902
39.96,41.5815
67.63,41.6679
11.92,40.7344
18.11,41.0605
181.62,42.723
58.19,43.4682
48.69,43.8901
3.61,44.7298
-116.8,43.302
104.34,42.1418
95.09,42.0688
27.98,40.7908
83.42,41.1907
63.25,41.7791
117.4,42.651
56.46,43.1635
44.46,43.5712
41.8,42.2592
202.89,44.6356
189.72,46.7799
234.58,48.5816
46.65,48.6981
25.77,48.9794
257.68,51.0155
53.86,51.4648
115.22,52.6216
-90.68,51.298
78.77,51.8448
-8.1,51.0754
47.37,51.5828
75.98,51.8464
102.38,53.2167
92.97,54.9839
95.15,55.5481
92.88,56.8359
123.03,58.5772
-15.28,58.9184
217.66,61.3879
39.81,59.3924
107.13,58.8651
13.73,58.7952
-43.73,59.0123
257.33,61.8616
44.67,62.0857
164.75,63.4869
83.13,61.5726
28.08,59.8631
155.2,58.5228
228.68,59.7535
73.21,60.6476
86.12,60.8189
45.79,60.2544
85.67,59.8011
63.68,60.0608
54.63,59.7062
215.87,62.7031
-37.25,62.7934
37.69,63.3552
71.63,63.0521
40.56,62.5416
23.37,61.4597
33.46,59.8095
112.85,60.245
151.48,60.3062
35.42,58.1379
233.96,60.0661
138.41,61.447
100.2,62.4817
104.8,63.7158
12.4,64.1113
73.29,64.5128
67.26,64.7318
96.15,65.3104
70.62,65.2594
87.14,66.1971
119.17,67.212
52.9,66.6394
64.31,66.8368
-61.99,66.303
77.97,66.9359
-45.61,66.2738
-49.8,64.73
173.61,66.6884
5.52,65.4823
117,66.5761
18.08,65.5652
-110.22,64.597
62.06,66.3726
118.63,67.6842
9.39,67.7137
-9.68,66.7125
44.41,64.5493
-150.7,63.6138
-2.14,62.9031
-91.69,65.2758
222.1,68.2471
25.77,66.3239
96.12,66.8645
118.27,68.1464
106.34,69.5264
94.51,70.0719
7.24,69.468
33.38,69.6826
32.49,69.8264
-67.92,67.331
-37.58,66.3733
104.24,66.9288
120.48,68.0975
-15.95,69.106
43.6,68.4986
-1.36,67.5341
129,68.5443
-7.7,67.6331
-14.76,66.853
61.3,66.292
-72.16,65.0058
201.56,66.5768
120.49,67.3637
30.07,65.6355
10.4,63.8423
-9.76,61.3989
114.77,62.0801
27.81,62.1005
120.44,60.7281
86.16,61.0511
157.12,61.4701
-41.6,61.9609
16.11,61.3343
-13.37,61.2816
97.49,61.7828
128.82,62.3112
94.18,62.2292
84.81,62.1476
166.47,62.8608
50.8,62.44
-228.8,58.9217
9.64,59.1709
71.16,57.7059
51.17,57.8195
85.47,57.6029
43.58,57.9014
-47.7,57.8617
45.45,55.7429
74.48,56.041
108.42,55.4777
251.15,57.1579
29.25,57.1696
36.66,55.9842
19.4,53.8914
56.63,53.7256
91.2,53.7764
156.02,54.8787
50.18,54.5238
111.55,55.0025
52.47,54.9809
12.32,52.9454
80.54,54.1233
57.28,54.3192
121.98,54.8227
-89.31,53.524
31.35,53.6038
38.57,53.6549
108.77,53.6141
59.42,52.6935
51.16,52.8509
67.22,51.1835
-133.43,48.4651
45.53,47.9184
38.76,47.258
11.82,47.2522
59.05,47.1098
61.17,47.0489
60.23,46.6897
75.61,46.7396
71.5,46.5832
54.59,45.9374
234.86,47.757
0.62,47.1201
-18.69,47.5531
59.44,47.3678
118.33,49.0072
11.22,49.6174
60.66,48.4879
39.06,48.8233
25.28,47.9061
-35.42,47.3711
83.81,49.3114
40.36,49.0944
-0.72,47.9009
57.06,48.3776
60.64,49.0808
99.36,49.6303
71.22,51.8495
-43,51.4409
-412.96,48.2282
10.38,46.111
52.89,46.3822
92.74,46.3484
-49.17,44.674
41.83,44.0289
119.18,44.2756
57.1,44.7742
64.38,45.0842
-21.45,44.5448
34.9,45.573
-15.84,45.7904
28.23,45.0303
-96.94,42.8561
-208.68,40.9288
52.97,41.0225
73.15,41.7676
-14.38,40.3338
245.07,42.8615
-75.81,42.251
72.23,42.3603
59.91,43.681
10.57,41.7711
90.67,41.4729
-31.84,40.8538
-57.77,40.1721
37.04,40.6401
-3.72,39.4552
44.24,39.6195
226.83,40.6834
167.47,41.4965
70.99,40.6352
197.76,43.0288
62.52,43.4929
101.38,44.6404
246.4,46.1295
239.99,47.2412
37.98,46.6792
221.56,48.0467
281.02,49.1922
-16.12,48.523
117.58,51.9868
85.57,52.7461
49.45,52.529
60.81,52.6254
86.98,52.6405
-33.52,51.8695
-7.23,52.2742
238.34,54.2031
218.59,55.6442
5.75,54.6175
43.68,52.5428
252.02,54.7705
-125.34,53.1505
226.12,55.2177
163.62,56.2876
84.98,56.2254
256.91,57.2343
210.72,58.8397
48.31,58.2073
112.08,58.8034
68.37,59.3639
110.87,59.6672
0.67,59.1011
-58.67,57.2946
-161.82,56.5695
100.55,57.2615
-6.89,56.8069
41.75,56.1367
6.24,55.6049
117.63,56.2696
-29.51,55.3023
288.46,59.5212
-42.5,58.6409
-95.47,57.2986
32.34,57.5038
266.51,59.5784
26.5,59.2317
24.4,58.8734
97.91,59.0964
84.7,59.2284
26.47,58.9472
21.5,56.8136
259.82,59.4056
-6.04,59.5321
-13.03,58.8074
42.91,58.0532
267.72,60.6182
56.5,60.5766
44.24,60.6284
44.02,60.8158
55.01,61.7201
-48.5,60.397
47.24,60.4658
-5.1,60.422
124.54,61.0968
72.48,61.2152
175.99,61.9815
215.49,63.4242
252.02,66.3744
19.58,70.6998
88.47,71.4807
263.28,73.5846
155.5,74.2122
36.74,75.0713
47.3,75.126
43.35,74.3677
95.55,74.7522
92.72,75.0356
-2.86,75.2215
265.12,77.5237
78.99,78.472
64.11,78.8308
66.55,80.4657
-114.34,81.4091
24.44,81.1238
6.78,80.4601
134.67,81.9506
62.99,80.1298
16.73,81.0552
32.52,80.6581
232.76,82.3866
-5.3,82.2279
30.36,81.6248
-378.12,78.162
41.27,79.1524
16.69,78.9489
61.8,79.6041
196.02,81.1219
82.59,79.6795
22.94,78.2342
17.37,77.698
48.96,76.21
80.08,76.3856
25.85,75.6303
150.9,74.6753
62.93,72.9047
46.46,72.9895
-6.84,70.7055
-7.25,67.8228
29.09,68.2749
-19.53,66.9038
58.78,66.6359
53.44,66.6758
49.48,66.5625
56.64,66.2591
-26.55,66.3288
26.66,66.6677
57.63,64.8606
75.22,63.4269
74.86,64.118
205.78,65.739
93.29,64.1517
46.71,65.8722
115.66,64.7676
-3.18,63.0996
68.27,62.9325
-53.81,59.8253
67.09,58.389
-24.1,57.6649
10.58,56.6499
266.08,58.627
24.27,57.761
-8.35,57.6708
-203.85,56.219
22.45,58.0617
-52.83,56.5279
81.31,57.4099
19.41,57.1865
-73.61,56.388
39.49,55.6066
34.64,56.2481
-21.49,53.1486
-12.92,53.4444
1.66,54.4157
-65.65,53.4358
32.87,51.0994
118.14,52.0158
-5.6,51.7158
97.22,51.7089
62.15,51.4834
74.12,51.9599
62.07,52.3656
-15.89,49.6085
45.35,50.1224
104.07,51.2934
-17.67,50.6876
41.58,48.4262
32.46,48.1858
73.23,48.4757
-35.84,47.6771
-24.34,46.8836
35.08,47.7194
-23.07,47.0163
-136.52,45.7021
56.21,45.0188
40.03,44.6943
-2.18,42.9126
39.24,41.1501
29.22,38.9221
262.54,41.3517
20.03,40.6673
49.1,38.5255
-129.55,35.675
97.27,36.2803
-139.24,34.4149
64.96,34.631
52.25,34.198
68.61,33.9569
99.46,34.9801
87.95,33.2084
31.95,32.738
37.7,32.4739
80.56,32.614
84.42,34.6016
11.63,34.4735
65.46,35.0603
42.73,34.1409
103.88,34.5498
90.43,35.2868
66.78,35.6294
34.16,33.6434
83.12,34.5276
94.66,35.1706
-99.05,37.9613
49.95,38.0481
62.54,38.5066
90.7,38.7956
67.69,37.5123
72.49,37.4113
89.96,38.0815
103.31,38.9409
127.81,39.7294
66.41,39.5927
102.94,40.3636
41.29,39.2675
-10.97,38.5285
66.65,38.7304
33.36,39.1324
89.02,40.0951
74.53,40.5495
-36.88,40.376
92.67,40.7149
-101.58,39.1647
65,39.3199
52.2,39.2755
70.66,40.2476
47.7,40.458
305.84,42.9401
220.62,44.3941
35.72,44.0027
231.51,44.26
63.76,43.9647
83.13,44.3289
93.43,44.1066
-0.16,44.1368
239.33,45.8474
34.73,46.7328
106.83,47.1302
93.34,48.3046
266.96,50.8684
25.55,48.4631
28.58,48.5062
43.88,49.0285
299.5,54.062
49.02,54.3277
54.07,55.3967
45.97,55.0433
45.01,55.2993
309.2,59.1274
274.26,61.4751
92.73,62.056
109.85,63.3694
47.54,63.974
314.45,67.1019
59.04,68.3488
-1.05,68.0096
63.3,67.4612
234.94,69.8666
253.21,71.4265
69.61,71.5011
99.9,71.7589
138.67,72.5249
122.24,73.9062
80.7,74.2597
68.69,73.9059
76.39,74.8465
44.97,74.8804
106.49,75.6207
265,77.5384
85.77,78.7545
106.43,80.0622
41.42,80.1256
80.93,81.1656
111.81,83.6489
116.05,84.2473
73.81,84.5851
239.24,86.9993
26.15,86.8684
-30.26,86.2736
56.38,84.212
102.98,85.0415
46.59,85.0164
54.72,86.8591
28.52,86.1716
94.34,88.5074
293.19,90.7897
109.39,91.3611
109.53,91.7703
92.75,91.7032
232.16,93.1453
66.54,93.4912
-137.84,91.7358
122.71,92.1573
78.11,92.0942
122.25,93.2004
52.12,93.067
19.64,92.8361
86.64,92.6637
43.63,92.1957
48.59,92.0138
88.43,92.5565
16.22,91.8875
40.43,91.3452
34.76,92.6833
23.95,92.4233
87.22,92.6701
220.71,93.9702
118.31,94.4764
80.16,94.5531
52.14,94.1749
290.77,96.0495
328.43,98.0557
226.46,99.6562
210.8,100.7348
93.22,101.2541
14.58,101.5096
146.47,102.3078
79.3,102.7672
-3.8,101.839
-5.57,101.038
-31.83,101.0885
299.34,103.1552
51.12,104.6822
56.51,104.5973
86.05,104.9358
47.87,104.7079
65.07,104.8816
50.07,102.3239
56.8,100.6857
90.05,101.229
54.23,99.4562
230.82,101.1268
88.05,101.176
8.5,100.3267
79.47,101.123
11.3,98.8427
316.53,101.6607
0.53,100.5977
64.4,100.3083
42.14,98.0601
255.96,100.3642
25.31,100.3315
20.59,100.0986
-0.14,97.1022
96.89,97.5809
281.14,99.8516
93.76,100.3295
30.92,100.1886
-14.28,96.9538
9.03,94.3015
24.41,93.6183
-25.9,92.2608
48.57,92.2711
75.75,89.8841
45.53,89.749
46.01,90.2196
19.07,89.7773
175.38,89.1817
90.98,87.5594
215.03,89.0136
60.03,88.6149
227.9,89.5072
12.56,88.4104
60.71,88.2105
97.39,88.4975
48.31,88.2167
259.35,90.3605
64.67,89.9423
62.21,87.9144
119.06,88.2473
120.99,88.3929
167.91,89.6578
109.19,89.9404
128.98,90.1121
36.25,89.3141
-190.21,86.6739
216.75,86.449
111.01,87.2976
113.46,88.7348
26.64,88.4374
17.41,87.5817
105.77,88.1735
-21.88,87.4075
20.82,87.3305
97.33,87.3604
-83.9,83.5895
30.57,82.8013
33.01,82.0361
135.34,82.462
103.03,81.1707
36.63,80.8716
79.11,83.0411
67.4,82.488
126.99,82.9768
156.6,83.3203
36.06,83.1597
57.85,83.5418
75.33,83.4287
31.48,83.3072
53.44,83.3557
231.46,84.786
129.36,85.9174
47.86,85.9917
-63.66,85.0075
60.23,85.3703
58.29,85.081
85.69,83.7308
48.96,83.0373
60.11,82.8368
34.12,82.6566
82.19,80.5708
105.26,78.3391
45.41,76.5286
59.42,75.0148
78.12,74.8638
149.41,76.2121
137.34,76.1208
-13.19,75.1959
41.18,75.6457
84.66,76.548
108.83,77.9546
-36.83,74.5929
33.35,74.4152
31.53,74.1654
-21.9,73.0859
68.91,73.2963
92.95,73.5751
37.64,73.4508
75.42,73.637
39.73,73.1338
78.95,73.381
132.78,72.4006
117.15,72.6916
80.94,73.416
42.62,73.0475
106.46,73.9991
152.59,72.3597
59.86,72.953
31.58,72.6248
249.64,74.6998
133.24,73.4726
245.06,75.6701
44.86,75.9128
189.17,77.8059
68.55,77.5225
34.1,75.0521
325.56,77.3701
14.75,77.2084
39.59,77.7471
65.34,78.3102
27.65,78.3426
25.65,78.8581
49.76,78.87
85.57,78.9682
67.85,79.1914
34.74,79.0787
141.4,80.302
245.27,81.0009
101.84,81.1095
62.72,79.5864
83.86,79.8247
35.61,77.9018
4.63,77.8225
49.73,77.7127
73.82,77.477
112.51,78.119
153.65,77.062
104.06,77.4559
25.71,77.0909
177.14,77.6717
206.9,78.5308
129.38,78.1455
62.95,77.6831
69.22,77.0855
265.49,79.3779
260.06,83.8806
96.35,82.6766
64.3,82.2095
157.26,82.6475
77.73,83.1584
240.4,85.3883
28.59,84.6165
104.21,85.8774
28.44,85.9536
59.33,85.5736
103.57,87.4483
245.32,89.5958
192.45,91.1902
163.18,91.4686
229.86,92.7369
152.02,93.8908
61.16,93.7113
60.74,93.6447
114.73,93.5221
49.68,92.4529
58.53,92.6776
66.09,92.76
58.24,92.5891
97.4,93.2483
-9.75,92.6164
116.55,91.4673
62.64,90.8001
19.59,90.5174
-0.48,91.1492
92.3,91.4699
128.82,92.1752
8.6,91.4043
105.67,91.9714
61.05,91.9808
50.97,92.1493
26.42,91.5916
54.5,91.084
60.41,91.234
97.33,91.6131
57.95,91.4114
-23.45,89.6828
83.09,89.1403
20.24,89.4746
-46,88.6028
-8.39,87.6723
69.5,87.279
39.36,88.0409
90.18,88.6092
41.25,88.7064
60.14,89.5268
118.68,90.0245
113.45,90.2295
26.91,90.1222
29.47,89.6627
63.08,89.8962
-146.97,87.637
22.61,86.5353
173.26,87.0964
60.06,86.8876
239.27,88.8541
30.67,88.0962
-25.87,86.3116
246.63,88.1793
44.81,88.3116
98.79,86.8031
59.82,86.0689
32.06,83.9389
58.72,84.0775
-7.95,82.1063
-11.66,81.3042
43.18,81.395
-10.14,78.038
274.32,80.6337
-1.76,80.2202
10.9,79.6758
243.14,81.8307
38.28,81.957
-5.25,81.4069
71.36,81.2648
32.26,80.9089
74.16,81.3031
232.86,82.2177
-18.4,79.581
18.18,78.7444
109.76,79.2148
56.69,78.9431
60.22,79.1892
262.18,81.7647
73.64,82.0038
86.34,82.129
51.84,81.5223
82.32,80.809
59.63,80.3647
30.71,80.4147
61.34,79.2567
64.2,77.8297
72.3,77.2589
51.74,77.1468
48.14,76.936
41.43,74.6954
76.46,72.8594
77.16,72.6675
42.16,72.4461
175.9,72.6325
-2.85,71.8267
67.86,70.1013
19.13,70.0067
3.76,69.0022
282.52,71.543
91.22,71.8619
87.2,71.6982
219.28,71.4378
44.04,69.9537
81.44,69.1363
117.64,68.0141
78.77,67.2816
64.63,67.3163
37.35,67.0824
27.36,66.2087
33.67,66.0486
52.15,65.9848
105.98,66.3837
-5.53,65.746
42.79,65.1999
56.72,65.8646
53.34,65.2325
96.43,65.5704
-38.87,64.9858
109.64,66.087
86.68,66.0308
72.36,65.4662
88.2,66.2622
71.04,65.9159
79.39,66.0993
98.05,66.5701
27.9,66.5849
89.42,66.9341
81.87,67.1487
54.84,66.7238
123.05,67.3748
33.24,67.9417
-11.04,67.0004
92.99,67.7279
92.5,69.1129
42.52,69.622
53.96,69.4666
82.4,69.897
10.69,69.1021
288.44,71.574
86.74,71.84
250.1,73.1542
95.82,72.9779
-62.53,72.0835
47.72,72.266
61.71,72.2523
91.64,74.6384
-43.24,73.9799
-3.54,72.2119
52.47,72.136
65.03,70.3936
56.28,70.6497
44.42,71.3526
62.5,69.5113
101.26,70.0758
22.23,69.3102
240.38,71.1158
-32.63,70.4689
-44.09,69.4408
